heart_rate,hrv,spo2,skin_temp,activity_level,time_of_day_hr,risk_label
93.4,38.6,97.6,36.1,2,18,0
119.0,40.4,96.4,34.8,2,20,1
71.9,35.9,96.3,33.2,0,9,0
106.4,16.5,98.7,33.7,3,18,1
158.4,27.4,96.7,33.2,3,20,2
65.2,52.1,97.4,36.8,0,6,0
112.0,25.0,96.2,34.6,3,7,1
123.1,13.2,94.5,34.3,3,17,2
63.2,36.6,97.7,34.5,1,14,0
131.8,40.9,96.9,36.5,3,23,1
86.0,48.4,96.5,32.4,1,12,0
69.7,52.2,96.4,32.8,0,10,0
112.4,41.5,96.0,33.5,2,6,1
57.9,66.0,97.8,33.4,0,23,0
76.5,68.6,97.9,35.5,0,4,1
111.7,40.6,98.8,34.5,2,6,1
68.6,40.8,97.1,33.6,2,19,0
77.2,55.2,97.5,31.8,0,10,0
63.5,50.0,98.9,34.5,0,11,0
134.4,23.7,95.3,33.5,3,6,1
82.4,42.1,98.8,33.6,1,8,0
100.1,33.4,95.3,33.4,2,18,1
89.5,43.7,97.7,31.0,1,8,0
123.9,24.6,93.6,34.0,3,16,2
121.5,22.4,95.5,34.0,3,4,1
117.1,26.8,96.4,32.2,3,5,1
108.6,26.0,94.5,33.0,3,5,1
125.3,24.9,98.3,33.4,3,15,1
70.2,43.0,98.8,34.6,0,3,1
110.7,39.2,96.1,33.6,2,8,1
73.4,30.3,98.5,35.4,0,17,0
122.5,37.8,96.2,33.2,2,15,1
56.3,56.2,99.0,34.2,0,22,0
77.7,44.4,98.1,34.2,0,21,0
132.8,35.7,97.4,33.8,3,17,1
117.9,13.4,96.7,34.0,3,3,2
70.0,51.2,97.5,32.3,0,7,0
88.5,42.7,97.8,38.6,2,21,2
106.5,24.5,97.0,34.6,2,7,1
76.8,29.1,98.6,35.8,2,0,0
70.0,39.3,99.5,34.6,0,16,0
116.6,29.3,97.2,33.9,3,2,1
113.2,29.7,98.1,33.5,3,2,1
99.9,15.3,94.8,36.1,3,9,1
93.8,41.4,97.9,32.9,1,6,0
64.7,38.1,98.7,31.8,0,6,0
60.5,59.9,97.8,33.0,0,13,0
96.6,37.0,94.7,35.8,3,21,1
80.9,49.8,95.5,34.6,1,7,1
79.7,53.5,97.6,32.1,0,2,1
98.7,31.6,98.9,33.3,2,4,1
77.3,58.3,97.2,33.5,1,1,1
146.5,27.4,94.6,35.4,3,15,2
73.0,71.5,96.7,36.8,0,11,0
97.7,39.3,97.9,35.2,1,11,0
119.7,19.4,94.6,33.8,3,4,1
96.1,38.7,100.8,34.1,2,12,0
128.5,25.9,98.3,34.8,3,11,1
74.7,46.6,98.0,34.7,1,11,0
106.0,42.4,96.2,32.7,2,11,0
95.0,34.2,95.1,35.7,2,7,1
65.3,63.5,98.4,33.0,0,12,0
104.3,39.1,96.2,35.3,2,9,0
76.0,61.1,98.0,34.2,0,17,0
64.6,66.6,99.6,33.3,0,2,1
75.1,32.5,95.5,33.9,0,12,1
104.7,34.1,96.8,37.0,2,14,0
93.1,22.3,98.3,32.2,3,3,1
75.0,61.3,98.0,32.7,0,6,0
64.1,59.2,97.2,35.2,1,17,0
105.0,31.1,96.0,34.4,2,6,0
80.7,46.6,98.1,35.3,1,4,1
58.4,40.9,97.3,33.7,0,11,0
74.8,51.7,96.8,31.2,1,12,0
81.5,35.9,98.9,35.2,0,8,0
106.2,45.7,96.9,34.6,2,16,0
67.3,59.6,98.1,35.5,0,10,0
121.5,20.4,96.5,34.7,3,8,1
66.5,73.6,99.2,36.7,0,15,0
126.3,29.3,96.0,33.1,2,7,1
77.4,38.0,96.2,32.8,1,21,0
77.0,37.5,97.7,35.5,2,12,0
101.8,31.2,97.6,35.6,1,4,1
116.8,31.9,97.4,34.0,2,10,1
65.1,69.4,98.3,35.8,0,0,0
88.4,60.3,97.8,34.3,1,22,0
77.4,63.1,96.6,33.0,0,8,0
76.5,37.5,97.8,33.6,1,7,0
120.0,22.4,98.4,33.9,3,17,1
111.6,40.2,98.6,33.4,3,13,1
87.0,45.4,99.1,35.9,1,14,0
103.0,31.8,94.6,36.9,2,14,1
123.3,13.7,98.0,35.0,3,9,2
126.9,28.5,94.2,35.8,3,10,1
98.5,34.5,95.7,34.7,2,23,1
69.5,64.6,97.0,34.8,0,18,0
94.0,42.3,96.7,33.9,2,5,0
52.8,60.1,96.8,32.3,0,14,1
71.0,74.7,97.6,32.4,0,16,0
86.8,45.3,98.3,34.1,1,13,0
86.9,57.8,97.2,34.2,1,23,0
106.9,37.2,100.7,35.7,2,12,0
100.2,25.3,96.7,32.6,1,4,1
110.3,18.5,99.0,35.3,3,2,1
63.0,55.0,100.4,35.5,0,7,0
104.4,23.9,95.2,31.9,3,1,1
83.2,38.9,96.2,33.3,2,10,0
76.7,40.6,95.0,35.0,1,3,1
116.4,19.6,95.6,35.1,3,23,1
90.3,46.7,99.5,36.4,1,18,0
64.7,60.7,97.2,31.3,0,0,0
113.1,23.2,94.2,35.2,3,4,1
84.3,35.3,96.8,34.1,1,17,0
111.0,29.6,98.2,35.2,3,10,1
70.3,29.4,97.7,33.7,2,11,0
88.7,40.2,97.6,33.8,1,21,0
118.2,25.7,95.6,34.9,3,2,1
65.4,48.2,98.7,34.4,0,12,0
97.0,41.7,95.5,32.5,1,18,1
78.4,46.6,96.4,34.0,0,0,0
110.0,19.5,97.3,35.2,2,18,1
86.7,49.6,96.6,33.4,1,14,0
107.6,50.9,97.2,34.4,2,5,0
61.3,46.8,99.5,34.6,0,9,0
70.7,45.5,97.2,30.7,0,19,0
167.6,26.1,92.6,33.4,3,12,2
85.3,43.9,99.2,34.8,1,4,1
93.3,34.0,97.5,33.9,3,11,0
86.8,66.1,97.3,34.1,1,10,0
138.1,29.0,95.6,33.7,3,18,1
65.0,50.0,98.4,33.4,0,0,0
87.3,29.9,95.1,36.1,2,20,1
74.9,48.7,97.1,34.4,0,19,0
57.6,27.2,98.2,35.2,0,11,0
97.1,33.1,93.8,33.9,2,23,2
78.6,36.6,97.0,34.8,0,19,0
67.8,43.9,100.6,34.1,0,12,0
77.2,50.4,97.4,34.2,1,16,0
78.7,51.1,96.3,35.1,0,18,0
129.2,48.6,96.3,28.6,2,18,1
96.4,30.0,97.1,33.7,2,9,0
85.6,52.6,98.7,30.7,1,2,1
120.4,16.5,93.9,35.5,3,4,2
101.7,41.8,98.0,34.9,2,23,0
97.5,48.4,97.2,32.4,1,22,0
123.5,20.7,97.5,34.7,3,15,1
72.6,63.7,98.5,34.4,0,4,1
135.1,22.0,96.0,33.9,3,19,1
79.5,48.3,98.9,33.5,0,2,1
122.5,19.1,96.5,34.5,3,16,1
106.6,50.4,96.9,33.4,1,10,0
85.2,47.8,97.0,32.8,1,10,0
68.7,49.4,99.5,35.1,1,11,0
89.2,28.6,95.9,35.3,2,12,1
92.1,52.8,97.7,35.7,0,13,0
125.6,24.3,96.2,35.8,3,3,1
76.0,70.0,97.9,34.8,0,23,0
84.5,36.0,97.8,31.4,1,18,0
102.8,36.6,96.4,37.4,2,8,0
61.6,37.2,98.8,36.4,0,6,0
106.0,38.7,95.7,35.4,2,1,1
109.1,23.5,96.4,34.9,3,14,1
136.0,25.7,97.7,34.9,3,22,1
76.7,59.6,97.9,31.5,0,14,0
109.8,35.9,97.5,33.7,2,17,0
99.5,39.8,97.0,34.0,2,17,0
83.1,38.5,95.7,35.9,2,22,1
97.8,31.9,98.7,34.3,2,12,0
58.5,50.8,97.3,35.5,1,2,1
80.6,35.5,100.1,33.0,1,11,0
90.3,33.6,97.3,30.9,2,0,0
84.9,43.9,98.3,33.3,1,17,0
69.1,50.1,97.3,32.7,1,3,1
128.4,15.8,97.7,34.3,3,1,1
69.2,55.5,99.1,33.5,0,21,0
69.0,50.0,98.5,34.8,0,21,0
101.2,24.5,97.8,37.7,2,9,1
109.6,42.3,97.4,33.4,2,5,0
71.6,39.8,99.5,36.7,0,1,1
95.6,39.1,97.7,35.6,2,4,1
97.9,29.4,95.3,32.9,2,4,1
107.4,25.0,97.5,32.4,3,4,1
69.9,66.9,100.5,33.2,0,2,1
128.2,37.1,97.1,35.0,3,23,1
95.5,38.8,96.7,33.6,2,12,0
103.8,30.6,97.2,33.8,2,12,0
95.4,44.2,97.7,33.8,1,17,0
143.5,27.1,95.3,33.1,3,12,2
91.5,29.9,97.2,32.7,1,23,0
67.5,57.2,98.2,36.4,0,1,1
85.8,32.2,97.9,35.0,2,19,0
127.4,21.4,96.1,36.8,3,21,1
105.2,39.1,95.8,36.1,1,10,1
69.0,34.6,98.7,35.6,0,1,1
91.8,44.6,98.8,34.2,1,10,0
127.0,28.5,95.8,33.5,3,2,1
73.4,57.4,97.7,36.3,0,0,0
82.6,47.8,96.2,36.2,1,14,0
127.6,24.8,96.9,33.7,3,20,1
128.5,27.7,97.5,36.0,3,11,1
68.7,41.6,96.6,34.9,0,8,0
79.3,41.3,96.2,35.7,1,1,1
124.4,24.8,96.3,32.2,3,17,1
97.2,50.9,98.4,35.3,1,8,0
71.3,45.9,98.0,33.4,0,19,0
68.2,55.3,98.2,30.9,0,0,0
67.8,54.1,97.8,32.9,0,1,1
103.0,50.1,96.9,34.9,1,22,0
124.1,20.2,99.2,34.5,3,7,1
133.4,28.8,98.1,33.2,3,6,1
101.4,41.7,96.8,36.0,2,2,1
120.8,36.4,96.2,33.3,2,12,1
87.6,31.3,97.7,35.7,2,18,0
145.9,27.6,96.6,34.2,3,9,2
94.0,36.5,98.3,33.8,2,23,0
140.8,29.5,96.5,36.4,3,17,2
90.7,59.1,97.9,33.4,0,3,1
98.2,48.5,96.6,32.0,1,2,1
80.0,53.7,98.7,32.9,0,3,1
144.9,32.7,96.8,30.5,3,4,2
69.1,47.6,97.8,32.7,0,13,0
147.2,30.3,96.9,32.9,3,1,2
84.5,43.1,96.4,34.5,2,12,0
81.3,33.1,94.5,34.4,2,8,1
87.5,42.4,96.7,31.7,0,10,0
74.0,33.5,98.7,35.5,0,23,0
122.6,31.5,95.7,34.1,3,13,1
81.8,41.4,97.6,33.3,1,2,1
86.9,37.8,96.6,36.4,1,17,0
96.8,28.0,93.3,34.4,3,5,2
109.0,28.0,97.4,32.8,3,5,0
69.2,54.7,98.7,33.2,0,14,0
114.0,26.7,97.4,34.2,3,13,1
76.7,73.2,97.0,33.3,0,5,0
99.2,37.3,97.4,34.6,2,12,0
106.8,37.5,95.0,32.6,2,5,1
107.2,39.9,96.6,36.1,2,10,0
71.0,44.7,96.7,31.5,0,20,0
88.1,19.9,96.2,32.0,2,11,1
86.7,39.4,98.6,36.3,1,13,0
77.9,51.8,95.5,37.4,0,20,1
60.7,39.7,99.4,31.3,0,11,0
140.8,28.4,97.4,35.3,3,10,2
67.8,67.6,98.1,34.6,0,18,0
98.8,25.1,96.4,33.4,2,3,1
150.7,26.7,96.6,35.2,3,7,2
123.8,22.1,97.0,33.9,3,10,1
88.4,38.9,99.2,34.3,2,23,0
57.3,59.4,98.0,34.8,0,6,0
79.2,45.5,98.0,34.2,1,22,0
85.5,45.3,96.8,33.0,1,9,0
137.2,23.2,96.1,35.1,3,4,1
132.0,21.6,99.2,32.8,3,17,1
90.0,50.0,95.6,34.5,2,2,1
114.7,27.7,98.3,36.4,3,10,1
92.3,34.2,98.2,31.7,1,17,0
77.6,21.2,98.3,33.2,2,3,1
91.8,42.8,96.8,35.3,1,4,1
56.9,70.8,96.6,32.2,0,6,0
138.6,23.7,95.7,34.3,3,20,1
125.0,30.0,93.5,34.6,3,2,2
91.9,60.6,97.2,36.6,1,7,0
90.6,45.6,98.0,32.6,1,22,0
96.7,14.1,93.0,33.3,3,22,2
133.0,29.6,97.7,32.3,3,19,1
93.1,39.5,97.8,35.5,1,11,0
82.1,41.7,96.3,31.7,1,1,1
100.7,23.7,96.3,35.2,2,3,1
93.4,45.3,97.8,34.0,1,4,1
121.2,24.4,97.9,33.6,3,13,1
81.4,41.4,97.0,35.5,1,2,1
80.7,40.6,97.6,34.8,1,9,0
64.2,81.3,98.9,31.6,0,0,0
87.9,44.1,98.0,35.5,1,1,1
134.3,4.7,96.3,33.9,3,11,2
123.6,19.2,97.6,33.3,3,10,1
68.4,55.1,98.6,31.0,1,1,1
84.2,33.2,98.1,36.1,1,14,0
60.2,52.4,97.2,33.2,0,15,0
142.8,33.1,95.4,32.9,3,19,2
74.0,77.9,97.0,33.7,0,19,0
83.6,33.4,95.6,31.3,2,13,1
110.5,40.3,97.0,33.7,2,20,1
88.9,55.9,96.5,34.9,1,4,1
77.5,50.1,96.8,34.8,0,4,1
69.0,50.6,98.8,32.0,0,20,0
109.7,22.3,97.6,32.1,3,2,1
78.1,58.2,98.5,33.8,0,16,0
72.3,47.7,97.8,33.4,0,17,0
93.1,39.3,97.5,36.0,1,7,0
81.9,33.1,96.9,35.5,2,12,0
92.7,34.5,98.3,34.9,2,2,1
120.2,21.7,95.3,30.6,3,3,1
92.7,43.4,98.5,30.7,2,21,0
118.1,20.7,96.5,32.7,3,16,1
91.8,40.0,96.7,33.8,2,22,0
81.9,50.5,97.4,32.4,1,1,1
93.3,44.8,99.9,34.6,1,1,1
90.1,36.4,98.0,30.8,2,17,0
88.2,43.7,97.5,37.1,1,16,0
131.2,22.8,97.0,31.5,3,20,1
73.0,71.0,99.1,32.8,0,21,0
126.0,21.1,95.7,34.9,3,18,1
105.9,40.1,99.8,35.6,2,23,0
106.8,22.7,97.9,34.6,2,14,1
65.0,59.8,97.7,34.0,0,0,0
116.9,19.9,95.6,34.9,3,9,1
75.8,69.5,97.5,32.3,0,12,0
68.9,55.1,97.2,35.0,0,1,1
58.4,43.9,97.5,32.8,0,23,0
120.7,32.2,97.3,35.4,2,4,1
101.8,39.0,98.7,33.1,1,19,0
65.6,80.6,97.4,34.3,0,15,0
103.6,60.1,99.1,35.4,1,17,0
109.3,31.1,96.0,34.0,2,21,0
136.7,21.1,97.9,35.0,3,18,1
106.4,23.2,95.2,35.2,3,19,1
82.1,61.3,97.0,36.8,0,3,1
114.8,26.6,98.2,33.5,3,10,1
122.6,45.8,96.4,32.3,2,17,1
93.7,40.4,94.7,34.3,2,20,1
94.4,23.8,97.6,33.2,2,9,1
103.3,24.7,96.8,33.4,3,17,1
119.9,31.8,96.3,34.7,2,11,1
130.9,24.0,96.0,34.0,3,23,1
105.7,19.3,94.9,31.1,3,12,1
84.8,39.0,95.1,35.3,1,6,1
87.5,45.7,98.2,34.1,1,9,0
69.4,40.8,98.3,32.1,1,4,1
101.0,18.6,95.6,36.4,3,6,1
95.2,66.3,97.2,34.2,1,21,0
63.4,55.9,96.9,29.6,0,20,0
66.4,75.1,99.8,32.4,0,21,0
120.3,20.6,96.2,36.1,3,18,1
74.4,34.7,97.2,35.6,2,3,1
88.6,38.3,97.0,33.0,1,8,0
133.2,24.5,96.2,38.8,3,5,2
112.5,38.5,98.6,33.1,2,18,1
101.4,24.9,98.1,33.0,2,3,1
79.5,60.4,98.8,33.7,0,7,0
89.8,38.2,96.9,35.5,1,2,1
67.9,59.8,97.5,33.2,0,4,1
105.7,27.5,99.6,32.4,3,21,0
102.3,36.7,97.6,34.0,2,12,0
104.4,30.7,97.5,32.8,2,2,1
65.8,42.4,98.5,33.6,0,5,0
103.3,40.1,95.7,32.7,2,21,1
100.8,42.3,96.5,33.5,2,0,0
76.9,53.3,97.2,34.9,0,10,0
85.6,38.8,98.8,34.9,0,14,0
89.2,37.3,95.6,35.8,2,7,1
114.0,28.1,95.7,35.2,3,2,1
115.0,27.6,95.6,33.7,3,20,1
74.1,56.8,98.4,34.7,0,2,1
101.8,30.0,96.9,35.0,3,22,0
98.4,28.2,98.3,33.8,2,7,0
87.5,44.5,97.3,32.6,1,7,0
125.8,20.8,97.8,34.7,3,12,1
112.0,49.4,97.7,37.4,2,18,1
82.3,33.2,95.0,34.8,2,13,1
107.9,45.7,96.6,35.2,2,21,0
79.9,56.1,97.4,31.5,0,10,0
125.3,33.4,94.7,35.2,3,4,1
120.7,34.4,96.4,34.0,2,2,1
61.0,53.9,97.0,33.3,0,21,0
118.8,28.8,97.4,35.8,3,22,1
95.6,31.5,95.9,32.6,2,22,1
88.3,56.1,97.9,33.7,0,16,0
65.1,54.6,97.6,33.0,0,0,0
68.2,34.3,98.5,32.1,0,12,0
121.2,16.3,96.0,32.9,3,20,1
73.8,82.3,98.4,33.7,0,8,0
123.2,20.5,96.0,32.8,3,6,1
99.8,42.5,96.5,33.0,2,0,0
93.0,15.5,96.9,34.8,3,11,1
77.4,49.6,98.1,33.1,0,17,0
82.3,37.9,95.3,32.9,1,18,1
118.3,31.6,97.6,33.7,2,8,1
96.8,31.1,97.7,35.1,1,2,1
140.0,29.6,98.4,34.2,3,7,1
84.7,43.3,97.4,31.2,1,12,0
76.5,40.1,98.0,35.9,2,20,0
82.0,53.7,97.6,32.8,1,5,0
70.9,48.7,96.6,30.8,1,11,0
95.7,36.6,96.7,33.9,2,0,0
103.6,22.5,94.8,33.7,3,23,1
62.3,50.7,98.0,33.8,0,2,1
115.3,31.5,96.0,34.3,2,4,1
101.5,21.4,96.5,34.4,3,3,1
69.6,43.5,98.0,33.3,0,10,0
66.5,53.9,97.9,33.4,0,9,0
78.4,32.5,96.9,34.3,2,22,0
96.7,48.0,97.4,34.7,1,12,0
127.9,12.8,96.8,32.2,3,1,2
75.1,60.0,96.2,33.2,0,12,0
100.4,25.7,95.7,35.1,2,10,1
85.1,36.2,97.4,33.5,2,3,1
108.5,41.0,95.7,32.2,2,23,1
102.2,42.7,97.6,33.9,1,4,1
145.0,34.4,95.6,30.9,3,21,2
72.6,71.3,98.2,33.4,0,8,0
85.2,50.2,97.7,33.5,1,5,0
99.0,21.5,100.2,35.4,2,22,1
108.9,36.3,98.6,32.8,2,20,0
63.0,31.3,99.0,36.5,1,6,0
71.3,54.9,96.6,35.4,0,7,0
86.8,29.1,97.9,32.7,2,17,0
121.2,31.5,98.6,36.0,3,11,1
97.1,38.1,98.9,34.2,1,2,1
98.5,32.5,96.3,34.3,2,12,0
122.7,25.9,95.6,34.5,3,22,1
62.3,64.8,98.5,31.2,0,13,0
145.9,29.0,97.1,35.2,3,16,2
94.3,39.4,95.6,33.9,2,12,1
105.0,20.4,97.8,33.1,3,13,1
132.4,23.8,96.1,31.0,3,0,1
70.6,55.2,96.3,35.8,0,21,0
100.1,42.0,99.6,32.1,2,7,0
87.1,41.1,98.3,32.5,1,19,0
71.9,68.7,96.8,34.1,0,22,0
119.6,14.4,95.5,33.4,3,1,2
92.5,35.1,98.1,32.5,2,22,0
132.4,19.8,95.5,33.5,3,0,1
108.7,31.6,98.2,33.0,2,14,0
110.2,34.0,97.5,33.8,2,4,1
69.5,74.8,99.6,32.0,0,23,0
111.6,43.7,97.1,34.3,2,8,1
87.9,50.9,95.6,34.0,0,8,1
82.7,33.5,95.3,31.9,2,6,1
71.8,41.7,99.6,33.1,0,8,0
73.1,61.3,99.1,34.9,0,22,0
69.2,50.7,98.1,33.5,0,21,0
76.9,46.2,97.6,33.5,1,16,0
87.3,56.8,97.8,33.0,1,12,0
71.4,55.8,98.7,33.6,0,19,0
129.3,27.2,96.3,33.3,3,0,1
94.6,23.0,95.8,33.5,3,11,1
90.8,36.0,95.2,32.0,2,4,1
66.1,39.2,98.7,32.8,1,6,0
134.3,36.5,99.3,35.2,3,12,1
104.3,40.4,98.5,34.3,2,22,0
62.5,48.3,98.3,34.2,0,1,1
109.4,24.7,97.8,36.7,3,7,1
71.5,39.1,99.3,36.0,0,21,0
75.3,46.3,98.8,34.4,0,9,0
86.7,36.7,97.6,35.7,2,14,0
86.0,40.9,97.8,33.6,2,23,0
94.9,44.4,97.2,34.2,1,16,0
74.1,43.8,97.5,34.9,1,14,0
150.4,25.0,96.2,33.5,3,21,2
106.9,29.8,96.9,33.9,1,5,0
77.6,54.6,97.2,34.6,0,10,0
51.0,61.0,97.2,34.5,0,3,1
68.9,34.7,97.0,34.9,2,11,0
109.9,34.4,96.4,33.1,2,17,0
76.8,55.5,96.7,36.4,1,15,0
84.1,48.2,97.9,34.8,1,3,1
97.1,24.2,97.7,34.6,2,11,1
73.7,60.5,98.9,30.8,0,10,0
64.4,44.2,98.5,35.1,0,21,0
65.5,40.4,101.5,31.8,0,6,0
64.2,57.4,96.3,33.4,0,16,0
66.6,57.9,96.7,35.1,1,0,0
73.5,46.4,97.6,31.8,0,10,0
128.2,40.8,95.3,35.4,3,6,1
117.0,31.3,95.3,34.3,2,7,1
76.0,38.7,98.1,33.5,0,3,1
85.1,50.7,98.8,33.4,1,7,0
114.8,27.5,97.8,35.8,2,2,1
86.1,53.4,96.9,31.5,1,4,1
104.2,31.6,96.2,34.1,2,9,0
109.0,18.9,95.0,32.9,3,18,1
91.8,35.8,98.2,34.7,1,22,0
74.4,35.4,98.4,34.9,1,13,0
76.3,52.5,97.4,36.1,0,20,0
111.0,26.4,99.2,34.6,3,1,1
79.0,35.9,96.6,37.5,2,16,0
122.2,27.9,96.8,32.4,3,16,1
63.2,60.4,98.0,34.7,0,1,1
115.9,26.3,96.2,33.9,3,8,1
67.1,50.4,97.1,34.7,0,16,0
108.8,43.0,99.0,30.8,2,16,0
115.5,11.3,98.0,33.7,2,16,2
95.2,37.1,97.6,35.9,2,1,1
71.1,46.0,99.9,34.0,0,0,0
51.3,68.5,97.8,31.1,0,7,1
71.5,57.3,99.1,36.2,0,1,1
120.1,33.1,96.2,33.3,3,22,1
83.9,39.8,96.5,33.4,2,11,0
72.7,41.5,98.2,33.8,1,4,1
72.1,64.5,97.3,32.1,0,17,0
138.6,18.0,96.7,33.9,3,19,1
79.4,47.7,98.2,35.0,1,23,0
105.5,19.3,97.0,33.9,3,9,1
70.9,45.6,98.0,34.6,0,17,0
71.5,48.0,96.7,34.1,1,2,1
102.1,46.0,98.3,37.2,1,5,0
87.9,36.5,97.4,32.9,1,19,0
106.7,24.5,99.6,35.2,3,21,1
112.1,21.0,99.3,33.2,2,5,1
56.8,56.7,97.9,32.5,0,20,0
82.7,45.0,97.2,33.2,2,12,0
121.0,29.3,97.6,36.2,3,5,1
119.6,37.6,95.2,35.8,3,19,1
103.1,37.1,93.6,34.9,2,18,2
124.0,15.9,98.3,35.6,3,12,1
135.9,28.1,96.4,33.6,3,13,1
62.2,36.2,98.5,32.0,0,15,0
70.2,35.9,97.2,35.3,1,3,1
111.0,30.2,97.4,30.3,2,22,1
114.1,33.8,97.4,33.1,3,6,1
66.6,68.6,98.3,35.3,0,5,0
117.6,44.6,97.9,33.3,1,17,1
100.0,45.0,96.2,34.6,1,21,0
108.0,10.4,98.0,32.5,3,5,2
92.4,43.7,97.5,32.5,1,16,0
93.1,49.4,98.9,33.6,1,0,0
118.4,29.7,94.1,34.5,3,19,1
110.0,31.0,94.8,32.0,3,9,1
82.7,38.2,97.7,38.5,1,21,2
73.3,63.5,98.2,34.2,0,2,1
105.6,36.0,98.0,32.6,1,12,0
104.4,29.5,96.7,36.6,3,21,0
77.9,34.9,97.3,33.5,1,8,0
70.8,49.8,97.4,33.1,1,18,0
95.2,61.7,95.9,31.2,1,18,1
113.0,42.4,97.0,32.1,2,18,1
72.6,64.2,97.0,34.1,0,16,0
67.3,47.1,98.4,32.8,0,6,0
76.9,52.7,98.0,31.8,0,20,0
69.6,47.4,100.0,35.4,0,15,0
77.3,65.7,97.8,36.4,0,21,0
114.8,23.4,96.9,31.3,3,18,1
90.4,34.6,98.5,33.3,2,18,0
115.9,30.6,97.2,34.1,3,19,1
69.7,58.6,98.3,34.0,0,19,0
108.7,24.4,97.6,36.2,3,22,1
70.5,33.8,97.4,33.4,1,10,0
82.9,61.9,97.8,36.3,1,3,1
141.5,11.7,93.3,34.5,3,19,2
63.6,70.1,96.8,36.0,0,5,0
66.1,48.1,96.7,37.0,0,3,1
103.6,53.9,97.4,32.2,1,12,0
89.8,30.4,95.7,32.8,2,1,1
89.0,50.2,97.9,36.4,1,1,1
96.6,41.6,98.6,34.9,1,5,0
70.8,54.5,96.6,35.7,0,12,0
129.0,19.3,97.2,31.9,3,21,1
95.4,49.3,98.2,35.1,1,5,0
123.9,21.8,95.0,31.1,3,0,1
67.3,59.9,97.5,34.1,0,17,0
130.2,23.2,96.0,35.1,3,6,1
110.0,26.7,97.6,34.9,3,5,0
156.7,17.9,94.9,32.3,3,2,2
117.1,24.8,96.1,33.2,3,21,1
74.7,53.9,97.5,32.3,1,2,1
111.6,37.3,99.0,36.6,2,18,1
89.9,37.9,99.0,36.8,2,22,0
97.7,16.6,98.8,36.0,3,4,1
96.4,14.5,96.9,35.7,2,5,2
75.2,55.1,97.6,35.6,0,21,0
79.8,46.2,97.7,34.1,1,21,0
101.1,47.8,97.1,35.9,1,7,0
121.4,21.8,97.5,33.9,3,17,1
117.3,17.4,99.4,33.3,3,5,1
105.3,35.9,97.3,35.5,2,16,0
78.5,46.8,97.1,34.4,1,10,0
81.2,46.4,97.7,33.8,1,19,0
132.2,18.5,96.6,37.8,3,14,1
129.4,20.2,97.8,33.1,3,2,1
103.5,35.5,98.4,33.8,2,13,0
107.7,13.4,99.0,32.5,3,9,2
89.9,30.2,97.1,36.1,1,1,1
79.2,33.4,95.0,33.3,2,7,1
85.6,27.7,96.4,33.5,2,6,0
140.5,18.2,95.9,34.5,3,5,2
110.2,45.5,96.9,32.2,2,9,1
103.8,18.2,96.3,35.6,3,9,1
62.0,64.8,96.9,33.2,0,15,0
96.3,50.5,97.1,35.2,1,22,0
118.2,37.5,93.9,37.0,2,8,2
122.1,39.1,96.0,34.5,2,15,1
88.7,39.3,97.9,30.1,1,7,0
83.8,55.7,99.1,34.1,0,21,0
106.8,30.8,96.8,33.7,3,2,1
76.8,53.0,99.4,36.8,0,22,0
138.7,21.6,96.0,35.1,3,4,1
86.4,31.7,100.0,34.9,1,3,1
80.8,71.6,97.9,33.2,0,16,0
88.9,31.7,96.9,32.6,1,7,0
92.0,46.5,97.9,36.0,1,4,1
75.9,65.0,99.4,34.9,0,16,0
96.7,42.1,96.9,32.3,1,7,0
109.2,36.5,97.6,39.9,2,22,2
120.8,21.9,98.3,33.7,3,0,1
119.3,22.5,95.6,34.5,3,7,1
123.4,27.9,94.6,34.7,3,18,1
122.9,41.0,97.3,31.9,2,20,1
58.5,44.4,97.6,36.3,0,7,0
65.1,38.6,97.0,32.2,0,1,1
101.4,32.2,99.0,35.6,2,23,0
93.7,33.1,97.7,37.8,1,21,0
82.5,50.2,99.4,33.3,1,16,0
63.5,35.6,97.3,35.3,0,13,0
132.8,22.3,97.0,34.0,3,23,1
99.2,23.7,95.8,33.0,3,23,1
106.8,17.4,97.8,33.8,3,2,1
87.6,50.8,96.7,33.2,1,23,0
68.4,69.8,97.6,34.9,0,14,0
81.2,52.6,96.7,35.5,1,15,0
98.3,28.4,97.2,34.1,2,20,0
71.8,57.6,97.9,32.0,0,19,0
88.2,46.0,97.9,33.0,1,20,0
121.8,18.9,96.1,35.1,3,14,1
106.5,36.4,97.3,35.9,2,22,0
116.7,30.2,97.2,34.8,3,4,1
73.7,64.3,99.0,34.9,1,18,0
81.4,48.8,97.8,34.6,1,7,0
81.2,37.6,98.6,33.5,2,6,0
91.6,40.3,97.0,33.3,2,21,0
120.4,26.2,97.1,32.8,3,9,1
68.0,56.5,98.1,34.3,0,14,0
61.4,48.6,97.9,32.7,0,13,0
66.4,60.5,99.2,33.3,0,21,0
63.7,32.6,98.4,33.7,0,5,0
71.5,59.5,97.5,34.1,0,4,1
73.5,42.5,97.7,34.1,1,16,0
67.3,56.7,97.0,33.7,0,18,0
102.2,38.4,96.7,33.1,2,3,1
113.9,32.6,97.5,35.8,2,16,1
94.4,33.0,95.7,31.3,2,13,1
68.7,48.2,97.6,33.5,0,15,0
80.6,40.7,99.4,34.2,1,2,1
76.2,36.1,95.2,33.0,1,15,1
96.7,30.8,95.6,30.8,2,12,1
101.8,43.8,96.7,35.7,2,3,1
68.5,58.1,97.9,35.8,0,8,0
68.8,57.0,98.2,35.5,0,9,0
112.0,42.6,95.7,32.9,2,18,1
72.2,58.0,96.9,33.7,0,21,0
107.5,38.1,96.2,32.0,3,17,0
62.3,48.8,97.9,29.9,0,22,0
80.5,47.7,95.8,37.0,1,9,1
94.4,53.9,98.6,33.2,1,13,0
86.4,37.4,96.6,33.2,2,1,1
114.2,16.7,95.5,35.6,3,14,1
105.4,33.5,96.3,34.0,3,14,0
93.3,37.7,95.3,34.1,2,11,1
73.5,59.7,97.3,32.9,0,20,0
90.2,21.3,97.5,32.8,3,12,1
76.4,22.8,94.9,31.6,3,13,1
123.8,17.9,97.4,35.1,3,19,1
66.3,48.1,96.8,31.4,0,15,0
100.7,38.1,98.0,32.3,1,3,1
72.4,36.3,98.4,34.5,1,14,0
71.1,43.7,98.5,37.1,0,21,0
84.5,41.3,96.5,34.0,1,9,0
97.4,39.4,99.8,34.2,1,20,0
100.3,35.6,93.7,32.8,3,16,2
114.4,27.6,96.8,34.6,3,0,1
117.6,37.1,97.8,32.9,2,1,1
94.0,48.6,98.7,32.2,1,16,0
101.2,52.3,95.8,36.7,1,5,1
109.0,29.3,94.9,35.1,3,12,1
107.9,29.3,98.1,34.5,3,10,0
89.8,43.7,97.9,33.9,2,7,0
67.5,54.8,97.8,33.5,0,19,0
87.1,48.4,95.5,34.3,2,1,1
95.0,43.8,97.5,35.9,2,19,0
69.5,53.0,99.2,34.3,0,23,0
88.8,47.5,97.6,33.8,1,12,0
133.2,29.2,97.8,33.3,3,19,1
69.6,49.1,97.3,34.2,1,4,1
108.0,22.7,95.7,33.9,3,11,1
118.7,5.9,97.5,33.5,3,22,2
104.8,18.6,97.4,31.1,3,13,1
86.2,52.4,97.1,35.8,1,1,1
66.5,30.9,97.2,33.7,0,15,0
98.9,41.8,96.7,31.0,2,0,0
79.2,54.7,99.7,35.2,0,0,0
110.1,43.4,97.2,32.5,2,19,1
67.4,68.3,98.7,35.6,0,21,0
151.3,18.9,96.0,34.6,3,19,2
158.3,21.1,95.2,34.1,3,18,2
122.9,19.6,94.2,34.4,3,9,1
100.5,40.3,96.2,31.7,2,19,0
75.3,48.4,97.5,34.6,1,19,0
95.1,51.0,98.0,33.7,1,4,1
88.2,46.4,98.1,34.3,1,6,0
75.2,33.4,98.9,34.4,1,17,0
92.6,30.7,96.3,36.0,3,0,0
105.3,25.0,96.3,35.6,3,18,1
100.8,36.1,99.5,32.8,1,5,0
126.0,25.8,96.4,32.2,3,6,1
93.0,33.9,95.2,33.5,3,20,1
127.6,20.6,99.7,35.8,3,8,1
55.2,64.2,98.2,36.1,0,10,0
86.9,37.0,98.3,34.3,2,3,1
74.0,69.9,100.3,33.4,0,3,1
75.3,40.1,96.3,35.8,1,22,0
90.6,38.5,97.4,33.3,1,4,1
91.8,46.0,97.3,37.1,1,4,1
111.2,30.1,96.2,32.4,3,19,1
93.4,34.0,98.0,34.3,2,11,0
82.1,33.4,97.8,35.8,1,16,0
87.5,56.1,97.9,35.7,1,22,0
69.1,56.2,97.8,33.9,0,16,0
74.0,60.6,98.8,33.2,0,6,0
83.9,38.6,97.1,33.4,1,14,0
98.5,31.1,93.5,37.1,2,7,2
117.0,26.1,95.4,34.0,3,12,1
145.4,36.4,96.7,35.5,3,12,2
86.8,61.0,97.5,35.2,0,17,0
131.8,31.7,98.2,35.4,3,17,1
94.8,28.2,98.7,36.1,1,14,0
67.1,54.4,97.0,33.2,0,1,1
121.7,28.0,95.1,35.7,3,12,1
59.9,60.1,97.1,34.3,0,14,0
96.1,45.1,98.8,35.9,2,18,0
114.3,27.2,99.8,33.7,2,10,1
98.0,35.3,97.6,33.2,2,0,0
90.9,35.3,97.4,35.2,2,7,0
135.5,34.2,95.5,34.2,3,15,1
88.0,33.0,98.6,32.2,2,10,0
78.0,27.6,98.8,36.8,2,0,0
90.6,41.4,96.6,34.5,0,18,0
99.4,33.9,97.4,36.2,2,5,0
107.4,47.5,97.8,35.2,2,15,0
61.1,54.6,97.5,31.6,0,16,0
92.3,25.7,96.5,33.7,3,5,0
85.6,42.1,96.6,33.9,1,17,0
87.2,32.2,97.9,34.1,3,3,1
77.5,56.8,99.3,34.6,0,18,0
72.6,56.9,96.7,34.4,0,1,1
110.6,20.5,97.3,31.2,3,5,1
85.4,42.8,98.1,32.1,0,19,0
77.8,32.5,98.8,35.8,1,8,0
108.0,33.2,98.8,35.7,1,12,0
129.7,22.8,96.1,34.7,3,2,1
86.4,55.0,98.8,32.8,0,19,0
90.3,23.2,97.7,34.3,2,13,1
91.9,50.9,96.5,33.6,1,1,1
74.2,71.2,98.0,31.8,0,2,1
78.5,36.9,96.3,36.5,1,18,0
91.0,39.9,97.3,35.1,1,11,0
93.4,37.9,98.5,36.1,2,18,0
69.8,47.7,97.7,33.3,0,15,0
163.8,19.5,95.4,35.3,3,5,2
114.1,24.1,94.8,35.1,3,18,1
94.9,40.1,97.4,34.5,1,23,0
108.8,39.1,96.8,34.5,2,6,0
70.3,56.7,98.2,33.0,0,2,1
83.2,42.0,96.9,33.9,2,22,0
74.3,64.8,96.8,36.5,0,4,1
68.2,35.6,97.2,30.4,0,15,0
63.8,50.8,96.4,35.3,0,17,0
97.6,30.9,96.5,34.8,2,14,0
111.5,37.4,96.9,34.2,2,1,1
86.9,31.6,97.1,33.5,1,6,0
64.6,53.7,97.4,30.4,0,4,1
85.9,53.7,95.1,32.7,1,21,1
89.9,37.8,97.2,34.8,2,5,0
70.0,55.2,97.8,34.9,0,8,0
67.0,41.5,97.3,34.8,0,5,0
101.8,33.0,96.9,35.1,2,23,0
87.3,26.1,98.6,31.8,3,9,0
72.3,56.7,97.7,33.4,0,17,0
92.9,33.6,97.4,32.8,1,16,0
77.7,60.7,98.3,34.6,0,21,0
100.4,31.5,97.8,31.2,2,5,0
88.4,47.0,98.5,33.6,1,20,0
70.8,40.9,97.0,35.5,1,23,0
90.6,29.7,94.9,34.7,2,2,1
94.2,42.6,97.5,35.4,1,8,0
83.5,42.4,96.5,32.2,1,14,0
87.3,48.6,96.5,32.2,1,1,1
98.9,26.0,96.2,34.6,2,21,0
115.2,23.6,96.5,35.9,3,16,1
70.7,79.9,97.7,36.4,0,18,0
79.9,37.8,98.9,34.0,1,8,0
108.1,27.0,98.5,33.3,3,5,0
64.6,46.8,98.8,34.7,0,4,1
80.3,55.1,100.4,34.2,0,15,0
100.7,44.0,98.9,36.1,1,0,0
83.3,57.1,98.5,35.3,0,10,0
103.0,44.0,97.6,34.3,2,9,0
106.4,41.5,95.1,34.5,2,0,1
85.7,46.7,98.2,34.2,1,15,0
82.9,56.6,97.1,34.9,0,17,0
81.7,51.4,96.4,35.7,1,9,0
58.8,60.9,97.3,33.7,0,7,0
79.6,42.9,96.4,33.9,1,8,0
124.8,34.9,96.7,35.5,3,12,1
66.2,50.7,97.8,34.9,0,8,0
77.6,54.5,98.5,34.4,1,8,0
68.1,38.3,98.7,32.8,0,19,0
66.6,37.9,97.4,34.8,1,20,0
108.4,33.2,98.8,34.6,2,16,0
108.0,13.6,95.9,35.5,3,19,2
122.4,28.4,97.7,34.9,3,21,1
81.3,44.7,97.3,33.1,1,7,0
88.1,48.2,100.1,33.6,0,13,0
102.8,28.5,96.4,34.0,2,19,0
100.9,28.2,98.9,31.8,2,11,0
107.6,50.5,98.6,35.9,1,20,0
110.6,24.4,96.5,33.8,3,12,1
87.9,32.8,97.8,34.7,2,13,0
122.9,34.5,96.7,35.6,2,18,1
85.3,50.9,96.2,34.0,1,17,0
125.4,31.5,95.0,33.1,3,15,1
110.2,32.4,97.1,33.8,2,4,1
109.4,31.2,98.0,35.0,2,8,0
94.8,29.9,99.0,34.2,2,10,0
89.1,52.0,98.1,33.9,1,13,0
85.5,51.2,96.9,34.5,1,18,0
86.1,67.9,97.6,32.3,0,21,0
70.6,56.2,96.7,34.6,0,18,0
116.4,46.5,100.8,32.3,2,10,1
98.8,25.5,95.7,34.8,3,9,1
137.5,25.1,97.6,34.9,3,11,1
69.9,38.6,98.3,34.8,1,11,0
91.0,43.1,97.5,33.6,1,17,0
76.4,44.8,97.5,34.7,1,20,0
69.2,39.0,97.2,33.8,0,19,0
130.8,21.8,96.7,33.9,3,10,1
99.1,30.9,96.4,35.0,2,0,0
69.5,49.5,99.7,36.8,0,13,0
78.2,42.5,96.7,33.6,1,19,0
72.2,65.2,96.9,35.5,0,18,0
73.5,22.3,96.7,35.4,1,0,1
133.1,24.8,97.9,37.3,3,12,1
111.2,32.1,97.8,38.2,2,11,2
98.7,31.9,97.7,33.2,1,23,0
123.3,18.9,95.7,36.1,3,4,1
76.0,57.8,97.0,34.5,0,17,0
109.2,42.9,95.9,33.1,2,20,1
69.6,43.8,97.1,34.2,1,20,0
114.4,15.4,95.9,34.7,3,15,1
80.9,56.8,97.1,34.1,1,11,0
97.3,19.6,96.5,33.2,3,4,1
98.5,57.0,97.3,32.0,1,12,0
149.0,18.6,97.3,32.1,3,4,2
108.5,18.6,94.4,33.2,3,9,1
118.0,22.8,94.3,33.2,3,4,1
111.8,37.8,97.4,36.5,2,22,1
79.1,56.3,96.4,37.2,1,14,0
116.4,13.7,95.8,32.4,3,15,2
101.4,30.6,99.0,35.5,2,21,0
109.0,34.9,96.1,34.0,3,23,0
115.8,25.6,96.7,33.9,3,18,1
110.7,35.0,97.7,36.5,2,14,1
69.0,66.0,95.6,33.2,0,3,1
93.8,36.7,96.9,35.7,2,16,0
87.0,32.9,96.1,34.5,3,22,0
78.5,45.7,97.5,34.7,1,14,0
79.2,54.0,97.0,33.1,0,3,1
117.1,21.0,93.5,33.2,3,6,2
57.0,51.7,99.3,32.6,0,20,0
139.2,28.9,97.5,33.8,3,10,1
106.2,22.8,97.3,32.7,2,10,1
77.2,55.2,97.9,36.2,0,15,0
134.6,25.7,96.2,31.4,3,14,1
91.9,58.1,97.1,35.8,1,7,0
90.1,44.3,99.2,33.6,2,5,0
90.4,26.1,97.6,35.8,2,18,0
108.5,47.7,97.7,34.2,2,8,0
70.2,50.7,99.1,35.2,0,4,1
105.4,32.8,96.4,33.6,2,4,1
87.7,39.8,97.7,30.9,1,18,0
65.3,62.0,98.0,31.7,0,14,0
65.1,39.1,97.1,34.7,2,17,0
102.5,27.4,97.3,35.6,2,1,1
88.3,32.9,97.6,31.6,2,8,0
87.6,37.2,98.3,38.3,1,3,2
99.3,38.5,97.3,31.0,2,21,0
111.3,28.7,95.1,32.2,2,11,1
74.9,40.3,96.2,30.8,1,11,0
80.5,55.8,97.4,30.4,1,1,1
88.3,45.0,96.8,31.7,1,14,0
81.7,55.1,97.9,33.7,1,21,0
69.8,44.3,98.0,33.5,1,9,0
88.1,41.5,98.0,35.4,2,8,0
86.3,35.2,95.3,30.8,2,4,1
106.7,33.2,95.8,31.5,3,12,1
103.6,28.0,97.5,32.1,3,1,1
64.4,62.1,98.2,33.7,0,21,0
113.7,52.5,94.3,32.6,2,21,1
122.0,14.7,95.3,34.8,3,9,2
80.5,59.0,97.5,33.3,1,12,0
80.5,46.2,99.4,31.1,1,6,0
60.1,53.4,98.9,31.8,0,5,0
87.6,51.4,97.0,33.9,1,7,0
63.8,63.8,97.4,35.1,0,17,0
66.0,44.9,97.0,31.6,1,11,0
82.2,43.4,97.1,37.9,1,1,1
72.9,52.0,97.4,35.3,1,6,0
76.2,68.1,99.0,31.7,0,6,0
96.7,41.7,97.5,34.7,1,15,0
108.6,35.8,96.7,34.4,2,6,0
141.9,23.9,99.0,35.7,3,5,2
67.6,36.6,98.3,34.5,1,2,1
98.5,40.9,96.9,33.4,2,17,0
81.3,59.8,97.4,33.0,1,5,0
75.4,53.4,98.6,33.6,0,2,1
95.4,49.2,98.3,35.6,1,11,0
77.4,42.0,97.2,34.2,1,4,1
78.6,19.4,97.3,33.2,2,5,1
80.3,32.9,97.8,31.6,1,5,0
75.8,41.5,100.5,34.5,0,17,0
90.1,63.2,99.1,35.2,0,21,0
116.4,26.7,97.4,33.8,3,8,1
121.1,18.6,96.3,33.7,3,20,1
55.8,58.4,96.4,33.4,0,7,0
108.1,37.2,95.7,35.5,2,13,1
93.5,48.3,97.6,34.6,1,19,0
84.9,67.4,98.7,35.5,0,22,0
80.4,51.1,96.1,35.6,1,0,0
70.6,50.4,98.5,32.8,0,10,0
119.5,15.4,97.1,33.1,3,3,1
130.0,20.4,97.2,33.6,3,14,1
78.2,50.4,98.9,34.0,0,4,1
80.0,33.0,96.7,34.4,2,15,0
105.9,26.1,97.3,31.8,2,20,0
121.4,16.7,95.3,33.9,3,21,1
140.4,22.9,94.8,34.8,3,20,2
112.7,31.4,97.2,37.1,3,20,1
135.5,33.8,98.0,33.8,3,18,1
55.2,46.2,99.9,33.5,0,6,0
92.4,39.9,97.7,33.5,1,4,1
100.2,34.1,95.8,31.1,1,2,1
73.0,60.8,97.9,33.9,0,8,0
87.3,50.8,96.5,35.3,1,23,0
84.2,42.6,96.5,34.5,1,11,0
108.4,26.5,99.0,31.6,2,5,0
76.6,56.6,99.7,32.7,0,19,0
70.8,53.5,97.5,33.7,0,0,0
70.2,45.9,96.8,34.9,1,8,0
70.4,30.5,99.4,34.2,1,6,0
138.9,30.3,95.5,35.1,3,12,1
77.7,44.8,97.7,34.1,1,1,1
61.3,55.0,96.3,35.0,0,2,1
94.6,47.9,96.4,31.6,1,16,0
90.9,51.9,97.8,33.7,1,17,0
67.6,55.8,96.7,35.3,0,17,0
89.5,43.0,95.5,34.0,2,8,1
117.3,31.4,97.1,33.5,2,18,1
129.5,20.4,95.6,34.7,3,4,1
86.1,32.1,96.0,31.0,2,20,0
84.7,69.7,97.3,34.1,0,17,0
85.7,60.2,96.4,33.7,1,1,1
76.4,69.7,98.7,33.2,0,21,0
92.5,44.8,98.3,34.4,1,15,0
84.2,33.8,96.7,33.8,2,19,0
81.8,44.4,97.1,35.4,1,16,0
105.8,27.6,98.0,32.6,2,4,1
78.3,70.6,96.8,32.8,0,15,0
142.1,20.8,94.9,35.0,3,2,2
110.2,15.4,94.6,32.1,3,22,1
94.5,49.2,97.3,33.7,1,13,0
112.7,25.7,94.3,35.4,3,8,1
91.7,49.6,98.1,33.8,1,5,0
98.9,45.9,97.6,34.8,2,23,0
89.1,47.9,97.6,33.9,1,2,1
101.5,26.8,99.2,35.5,2,4,1
108.7,35.8,98.2,34.8,2,4,1
89.5,37.7,95.3,34.0,3,17,1
82.7,55.2,96.8,33.9,0,0,0
71.1,53.8,96.9,34.5,0,18,0
90.5,35.2,95.4,35.1,2,14,1
54.0,46.0,96.9,34.6,1,17,1
107.0,25.6,98.2,33.6,3,6,0
74.7,51.3,98.4,33.0,0,17,0
65.3,57.9,97.1,32.3,0,9,0
113.0,32.4,95.7,33.9,3,22,1
104.9,24.2,98.2,33.8,3,14,1
52.3,50.9,98.5,30.7,0,18,1
43.8,46.8,99.2,33.9,0,6,2
94.6,19.1,100.6,33.5,3,5,1
107.6,51.7,97.5,34.1,2,23,0
71.8,51.9,97.8,32.1,0,16,0
131.0,27.2,95.8,33.7,3,2,1
60.4,67.1,97.2,33.1,0,5,0
134.3,19.5,96.8,33.1,3,5,1
77.9,34.4,97.1,34.1,2,12,0
74.3,64.0,98.1,35.4,1,6,0
82.2,55.1,96.9,32.7,1,16,0
76.5,44.9,97.4,34.4,1,19,0
54.5,41.6,96.1,34.2,1,2,1
100.6,45.4,96.0,33.3,2,10,0
72.3,52.8,97.4,32.5,0,19,0
116.8,41.8,94.5,37.5,2,1,1
93.5,37.4,96.6,34.3,2,13,0
90.2,37.2,98.0,32.8,1,23,0
104.5,28.8,96.4,37.1,3,19,0
98.8,23.6,99.4,35.3,3,17,1
55.9,51.8,97.0,33.4,0,5,0
66.5,51.3,97.6,36.7,1,6,0
90.8,49.9,96.8,33.4,1,17,0
134.9,33.2,95.2,34.7,3,0,1
80.8,49.0,97.7,33.4,1,22,0
71.8,61.4,97.2,32.2,0,17,0
119.9,21.1,96.1,32.5,3,3,1
67.6,49.9,100.7,35.2,0,4,1
73.3,31.1,97.0,35.8,1,13,0
65.9,68.3,98.8,34.2,0,2,1
113.7,18.2,97.1,35.5,3,10,1
145.0,26.8,97.4,36.1,3,15,2
75.2,63.8,97.9,32.7,0,22,0
113.2,19.7,98.8,35.7,2,14,1
81.3,42.8,97.3,34.3,1,8,0
85.0,54.8,98.5,31.9,1,1,1
65.4,74.9,98.6,36.0,0,0,0
101.7,43.2,97.0,36.1,2,0,0
87.9,20.3,96.0,34.1,2,8,1
103.8,31.2,98.3,35.5,3,1,1
85.5,43.6,97.7,32.2,1,4,1
113.0,37.2,97.0,35.5,2,21,1
103.3,17.3,96.9,32.0,3,20,1
70.7,51.6,101.0,34.9,0,14,0
104.2,39.7,98.6,32.3,1,9,0
58.3,47.9,97.1,33.8,0,23,0
142.0,22.1,96.9,35.1,3,2,2
79.0,69.3,98.5,34.7,0,6,0
101.8,39.2,97.9,33.2,1,15,0
64.0,61.3,97.7,34.6,1,3,1
57.2,52.9,95.5,31.5,0,14,1
91.4,35.0,97.2,35.1,2,22,0
144.2,30.8,99.2,34.3,3,12,2
112.5,44.5,97.4,34.8,2,2,1
76.3,52.7,96.7,34.2,1,16,0
132.4,31.4,93.4,34.0,3,22,2
126.4,30.0,96.2,34.4,3,19,1
101.8,18.3,97.6,34.0,3,11,1
115.4,31.3,96.0,32.0,3,11,1
122.1,26.4,97.0,34.0,3,10,1
102.3,23.7,97.4,31.7,3,21,1
118.5,35.6,99.1,37.1,2,8,1
85.8,36.4,98.5,37.5,1,10,0
77.6,44.8,98.7,34.3,1,6,0
66.8,39.4,96.1,36.6,1,5,0
100.9,20.0,97.0,34.2,3,9,1
90.8,35.5,98.2,34.8,2,5,0
85.3,51.4,97.6,32.5,1,20,0
112.8,40.2,96.4,31.9,3,17,1
101.5,13.6,97.6,36.3,3,9,2
83.4,31.9,96.7,33.9,2,9,0
70.8,59.4,98.1,33.6,0,3,1
94.4,27.8,97.4,33.7,3,23,0
140.2,29.3,96.8,31.8,3,1,2
94.0,50.8,97.1,34.3,2,4,1
77.4,64.0,97.8,33.0,0,4,1
80.8,42.7,96.4,33.0,1,6,0
109.0,37.3,99.7,32.7,2,5,0
54.5,62.0,98.4,34.0,0,0,1
86.2,40.3,98.0,35.3,2,0,0
55.0,53.5,98.4,31.4,0,13,1
75.0,51.4,99.7,36.2,0,1,1
87.9,39.0,96.9,34.1,2,21,0
79.8,47.1,96.1,37.1,0,23,0
123.1,25.4,97.5,33.7,3,2,1
75.2,57.5,98.0,35.6,0,21,0
97.6,37.6,96.5,32.7,1,13,0
133.6,34.2,92.9,33.4,3,13,2
124.0,24.1,98.0,37.7,3,22,1
121.6,16.1,94.0,33.7,3,5,2
117.4,27.4,97.0,34.8,3,12,1
63.2,61.4,98.0,30.5,0,18,0
116.6,19.4,100.9,32.4,3,13,1
114.5,23.9,98.4,32.8,3,6,1
102.4,44.2,96.9,32.9,2,22,0
69.2,46.6,98.8,35.0,0,5,0
99.9,28.7,98.1,32.6,2,5,0
98.0,41.6,96.7,32.0,2,8,0
148.3,15.6,94.7,34.1,3,9,2
74.9,37.7,96.0,32.9,0,19,0
72.2,59.2,99.2,32.8,0,17,0
67.1,46.3,97.4,35.1,0,23,0
100.0,29.3,98.4,37.9,3,13,0
74.1,51.2,99.1,32.4,0,21,0
112.5,26.9,97.7,33.1,2,9,1
68.7,39.9,97.4,31.3,1,18,0
79.0,49.8,98.6,31.4,0,6,0
82.0,28.6,98.6,33.7,2,8,0
150.2,28.4,97.6,32.5,3,11,2
82.4,53.7,97.4,32.7,1,6,0
134.6,20.5,99.4,31.8,3,21,1
85.4,42.2,97.4,35.7,1,17,0
97.7,38.8,97.3,32.2,2,12,0
83.5,52.8,97.9,33.2,1,8,0
134.6,27.3,97.3,34.5,3,8,1
111.3,27.0,100.4,34.8,3,23,1
91.3,34.6,98.9,36.3,2,4,1
100.5,38.2,98.1,38.1,2,20,2
89.2,28.0,98.7,34.1,2,15,0
97.5,48.4,98.3,31.5,1,6,0
100.1,27.9,96.0,35.0,1,19,1
86.9,53.7,95.8,32.6,1,19,1
72.6,48.3,97.1,32.7,0,22,0
114.5,23.0,96.8,32.7,3,9,1
83.6,17.2,97.5,35.2,3,9,1
101.4,18.2,94.9,33.9,3,3,1
117.6,36.1,97.2,34.0,3,21,1
74.3,45.4,97.2,35.6,1,11,0
117.3,28.5,95.2,33.6,3,10,1
75.3,38.6,99.6,35.0,0,1,1
64.3,46.4,97.0,35.3,1,5,0
82.9,53.9,99.0,32.6,1,18,0
70.2,45.2,96.6,36.1,0,23,0
87.0,46.9,96.8,33.1,1,14,0
60.9,44.1,97.5,33.0,0,8,0
63.1,67.3,96.8,32.6,0,15,0
84.4,34.3,98.7,34.2,1,14,0
99.3,43.6,97.2,37.2,2,17,0
117.4,10.6,94.3,33.4,3,18,2
121.6,22.9,97.5,33.1,3,18,1
49.2,49.7,97.3,32.6,0,10,1
131.3,23.7,94.5,36.7,3,11,1
150.0,31.8,96.3,33.3,3,11,2
77.8,69.0,97.4,33.6,0,18,0
119.5,29.0,98.1,32.9,3,9,1
94.6,40.3,97.9,35.2,1,19,0
118.2,37.7,96.6,33.2,2,14,1
110.0,29.5,98.0,33.9,3,13,0
95.2,20.9,96.8,30.5,3,21,1
68.3,65.3,98.6,34.4,0,12,0
75.6,43.3,97.6,32.9,1,13,0
113.0,29.7,95.9,32.3,3,19,1
88.9,38.4,99.3,34.1,1,13,0
66.1,63.4,96.9,30.2,0,15,0
77.1,38.7,99.3,35.3,1,2,1
97.0,32.8,98.0,34.9,1,23,0
78.0,50.4,98.3,33.0,0,4,1
118.6,40.5,96.7,34.5,2,3,1
76.4,50.7,97.2,36.4,0,14,0
108.7,45.1,96.3,35.2,2,8,0
79.8,53.0,97.6,31.5,0,4,1
113.5,39.5,99.0,32.2,2,17,1
87.3,40.9,98.1,34.9,1,16,0
80.1,53.0,97.7,31.2,0,8,0
94.9,44.3,99.7,31.4,1,15,0
124.2,36.6,96.5,34.5,2,22,1
100.0,31.3,96.6,33.4,2,16,0
149.6,18.5,96.5,32.8,3,0,2
148.5,31.1,99.0,34.6,3,22,2
114.3,34.0,99.8,33.6,3,23,1
79.5,70.4,97.4,33.6,0,8,0
115.6,34.5,96.4,33.7,3,4,1
89.5,52.9,97.4,31.0,1,8,0
89.9,45.2,96.6,35.0,1,2,1
76.3,48.9,96.8,35.5,1,14,0
72.2,51.2,99.5,33.9,0,18,0
86.1,43.6,97.5,32.8,1,17,0
103.8,36.4,98.6,37.9,2,22,0
132.9,29.5,95.9,37.2,3,19,1
86.5,47.4,96.7,35.1,1,12,0
80.7,60.8,97.7,34.8,0,13,0
66.0,44.5,97.9,31.4,2,1,1
102.7,35.2,98.6,35.5,1,20,0
125.7,21.7,97.2,33.6,3,10,1
136.4,21.7,95.4,33.6,3,12,1
111.1,37.4,94.0,32.6,3,3,1
113.9,20.2,92.2,31.2,3,2,2
96.5,33.1,97.4,33.7,2,17,0
92.1,49.8,97.2,34.8,1,4,1
79.5,33.2,97.9,36.0,2,6,0
84.2,30.0,99.0,33.5,1,19,0
88.9,49.0,97.9,34.1,1,12,0
106.0,35.3,97.7,33.4,2,9,0
91.6,30.0,95.4,34.2,3,6,1
129.1,23.0,95.0,33.5,3,21,1
106.0,30.4,97.1,33.5,2,23,0
133.2,24.1,96.4,32.6,2,0,1
105.4,33.2,97.7,31.1,2,3,1
95.6,22.8,97.4,32.4,3,12,1
80.5,35.3,95.3,33.7,1,4,1
86.0,47.7,97.4,33.4,1,17,0
65.4,52.2,98.6,36.1,0,5,0
60.0,60.2,101.1,34.4,0,7,0
66.9,57.0,98.0,32.5,0,9,0
87.9,51.0,97.8,33.9,1,8,0
98.5,30.4,98.7,32.3,3,19,0
79.8,51.8,97.5,34.8,1,15,0
93.0,33.7,96.1,37.0,2,23,0
71.6,38.8,99.9,33.8,0,18,0
109.8,43.6,96.6,33.7,2,8,0
100.4,39.9,95.5,33.0,2,6,1
132.7,17.4,97.5,34.1,3,3,1
83.9,60.5,95.8,34.1,1,8,1
103.5,42.9,97.3,34.7,1,16,0
137.2,33.2,97.6,33.0,2,16,1
77.9,65.4,97.2,32.7,0,11,0
101.4,22.3,95.4,34.7,3,8,1
62.2,55.4,98.2,36.9,0,7,0
79.5,30.4,96.1,33.2,2,19,0
63.5,56.8,96.8,33.6,0,17,0
84.7,61.0,97.4,33.6,0,15,0
92.8,23.3,96.9,34.1,2,13,1
119.6,37.9,96.7,34.3,2,5,1
108.1,47.4,94.9,32.2,2,3,1
104.3,26.6,95.2,30.8,2,11,1
69.5,68.1,96.1,34.6,0,16,0
124.1,19.6,94.5,33.6,3,20,1
86.6,21.9,96.0,33.1,3,14,1
72.6,52.7,96.1,33.7,1,11,0
68.7,57.2,97.3,32.6,0,3,1
72.9,45.9,99.3,32.5,0,20,0
76.3,42.3,98.1,32.5,0,8,0
91.7,33.0,96.0,36.5,1,21,0
94.5,35.8,97.2,35.4,2,5,0
72.7,58.4,96.9,35.5,0,4,1
102.0,50.6,97.3,34.0,1,17,0
117.2,18.4,92.7,33.9,3,0,2
90.1,44.3,98.8,34.6,1,23,0
80.2,27.7,98.3,34.3,2,23,0
75.2,44.0,99.3,34.2,0,0,0
71.3,44.4,97.9,34.9,0,21,0
130.1,26.0,98.3,34.6,3,19,1
92.5,39.6,97.3,33.2,1,8,0
101.7,48.5,98.7,31.6,1,0,0
105.9,50.7,97.2,33.7,1,18,0
70.0,39.6,98.5,35.3,0,6,0
103.5,14.7,94.6,33.4,3,1,2
101.6,35.2,96.1,35.2,2,19,0
102.0,28.5,98.4,34.0,2,16,0
110.0,26.9,95.1,34.4,2,23,1
77.3,47.6,97.5,36.7,1,11,0
108.2,19.9,97.5,33.0,2,3,1
99.7,40.3,98.7,35.2,2,18,0
77.6,66.8,97.9,36.8,0,12,0
129.0,21.9,94.9,37.2,3,8,1
94.3,43.2,97.9,32.7,2,22,0
127.6,21.6,97.3,33.6,3,6,1
126.3,26.8,97.1,35.9,3,20,1
93.2,34.8,96.4,34.2,2,4,1
110.5,26.6,95.2,35.9,3,21,1
75.0,42.1,96.6,33.7,1,3,1
56.9,64.7,97.9,33.6,0,12,0
54.3,49.1,96.4,33.4,0,21,1
107.1,26.9,99.5,33.7,3,23,0
90.9,50.8,98.3,35.5,1,12,0
126.4,32.5,97.1,33.4,2,4,1
52.1,55.1,98.9,32.0,0,1,1
81.4,51.8,97.8,36.3,1,13,0
146.5,41.7,98.8,34.7,3,4,2
72.1,53.6,98.3,32.2,0,14,0
119.9,35.3,95.3,33.2,3,5,1
114.9,28.2,97.5,34.2,3,8,1
120.5,29.6,95.5,32.7,2,0,1
75.9,67.8,97.6,33.8,0,19,0
118.6,37.2,98.5,34.2,2,20,1
59.6,48.4,97.2,33.9,0,4,1
103.2,34.7,97.9,34.1,2,7,0
126.0,26.5,97.6,33.8,3,10,1
102.8,25.5,96.8,32.9,3,20,0
91.2,36.2,97.7,32.9,1,4,1
106.6,31.4,100.0,32.7,3,19,0
117.7,18.6,100.6,35.2,3,13,1
86.0,48.7,97.2,34.1,1,15,0
130.3,25.7,98.7,34.2,3,18,1
59.3,67.3,99.1,33.9,0,15,0
78.7,49.3,98.0,35.4,0,1,1
63.6,43.8,98.8,37.3,1,0,0
129.9,25.9,95.8,33.5,3,5,1
88.2,39.0,98.0,33.0,2,4,1
60.3,66.4,98.0,31.5,0,2,1
83.4,37.7,97.6,31.7,1,1,1
65.4,57.0,98.5,34.2,0,1,1
105.5,47.2,96.7,32.0,2,3,1
62.1,52.5,100.1,34.5,0,2,1
50.3,47.0,98.8,32.6,0,10,1
94.0,48.8,98.0,33.5,1,17,0
84.7,40.2,97.1,35.9,2,4,1
65.9,56.8,98.3,34.5,1,22,0
66.2,56.5,96.3,33.3,1,17,0
98.7,49.0,96.7,35.8,1,16,0
70.3,42.3,96.1,31.3,1,10,0
94.8,46.0,97.0,32.0,1,14,0
61.3,51.9,99.4,34.0,0,19,0
79.6,54.7,97.9,36.8,0,14,0
71.5,64.6,97.3,32.7,0,12,0
103.5,32.5,96.8,30.3,2,10,0
135.3,10.8,97.7,32.3,3,22,2
68.3,45.6,99.3,35.4,0,21,0
102.8,18.2,95.3,34.4,3,20,1
89.1,43.2,95.8,33.8,2,12,1
70.7,49.0,96.8,34.9,0,16,0
60.2,68.0,99.0,35.0,0,5,0
105.8,45.2,97.8,34.2,2,4,1
97.6,32.6,96.7,35.0,2,8,0
73.7,67.2,97.7,36.4,0,19,0
130.0,29.0,98.6,33.7,3,8,1
77.5,37.8,96.8,33.5,1,1,1
97.3,24.9,98.2,35.7,2,16,1
82.9,38.0,97.8,33.0,1,1,1
77.3,59.6,98.5,30.3,0,22,0
154.9,21.8,97.9,33.8,3,9,2
104.8,38.2,95.3,33.3,2,13,1
79.8,50.0,98.9,34.2,1,11,0
97.4,40.9,96.8,35.3,1,5,0
78.4,45.4,98.2,33.9,1,14,0
88.9,34.2,96.8,33.8,2,11,0
94.8,43.9,95.6,32.9,2,21,1
90.1,17.3,95.7,34.8,3,22,1
89.0,39.6,97.3,33.2,1,8,0
101.8,48.2,98.3,34.1,1,22,0
95.6,31.8,97.4,33.0,2,15,0
97.9,42.7,97.4,34.1,2,10,0
116.2,17.0,98.4,34.5,3,11,1
90.0,44.0,96.2,33.5,1,20,0
65.6,45.0,95.9,33.0,1,6,1
64.7,49.8,96.2,34.4,0,20,0
72.6,46.9,97.6,34.8,0,8,0
125.4,25.5,98.7,32.5,3,4,1
105.3,34.3,94.8,34.5,2,9,1
77.7,68.6,98.5,33.8,0,5,0
112.2,30.1,95.4,33.0,2,17,1
70.7,54.3,98.3,33.1,0,2,1
92.3,59.5,96.1,29.1,1,16,0
82.3,67.1,97.4,32.9,0,22,0
114.7,23.2,95.5,32.3,3,11,1
58.5,56.2,96.8,32.2,0,5,0
64.3,58.6,97.3,32.2,0,7,0
145.9,29.5,99.2,35.0,3,2,2
68.7,61.0,96.8,35.2,0,0,0
112.7,34.4,96.1,36.1,2,15,1
86.4,27.8,97.7,34.6,2,21,0
91.9,28.8,96.6,33.5,1,21,0
82.8,35.8,98.7,33.7,2,20,0
114.2,26.1,96.6,36.6,2,14,1
81.2,43.3,97.9,33.3,0,22,0
129.5,30.3,95.5,32.9,3,15,1
116.6,23.8,94.9,33.0,3,11,1
119.5,24.5,99.0,36.3,3,4,1
119.7,33.1,95.0,34.7,3,23,1
103.7,27.8,96.4,33.1,2,6,0
132.6,28.6,96.0,34.4,3,9,1
69.0,64.3,99.4,33.5,0,23,0
80.0,55.8,97.0,35.0,0,12,0
123.1,14.8,96.4,33.5,2,0,2
131.2,28.9,96.6,34.0,3,12,1
69.5,57.5,98.2,33.4,1,11,0
86.8,34.9,95.8,35.0,2,13,1
69.1,66.1,98.7,36.1,0,13,0
81.3,51.6,98.7,33.9,0,10,0
81.8,53.1,98.2,35.9,0,15,0
106.2,34.5,97.0,35.9,2,16,0
113.1,31.1,96.4,35.5,3,23,1
81.7,64.0,98.2,34.1,0,16,0
77.9,44.3,99.4,33.6,1,14,0
66.6,55.6,97.0,33.1,1,2,1
106.3,16.3,97.6,32.5,2,11,1
69.5,38.0,97.2,34.3,0,6,0
77.3,61.9,98.7,36.5,0,23,0
120.0,28.6,96.7,35.1,3,13,1
103.2,36.8,96.2,33.8,2,11,0
63.7,47.5,97.2,35.1,1,10,0
109.7,33.3,99.9,33.3,3,14,0
81.1,38.9,96.7,33.4,1,21,0
67.5,34.3,96.3,32.4,2,19,0
101.3,33.7,97.1,33.0,2,9,0
57.7,60.7,97.2,32.6,0,14,0
140.4,29.8,95.3,35.0,3,23,2
75.2,47.0,99.1,35.2,0,21,0
105.3,35.9,96.6,33.1,2,14,0
134.1,32.1,98.8,34.2,3,6,1
97.3,17.8,96.8,32.6,2,3,1
70.7,55.7,97.0,32.1,0,23,0
71.3,65.7,98.7,34.3,0,21,0
78.1,61.8,97.7,32.7,0,23,0
79.1,53.5,97.5,30.1,0,2,1
104.6,22.4,98.7,33.9,3,4,1
84.7,37.1,97.8,36.8,1,20,0
104.2,35.6,96.7,32.8,2,10,0
60.9,57.5,97.4,32.7,0,20,0
132.8,32.4,96.2,34.3,3,23,1
79.5,41.9,97.6,34.8,2,22,0
118.3,27.2,96.5,34.2,3,9,1
88.0,28.9,95.9,36.7,2,8,1
78.2,61.5,97.5,33.7,0,3,1
61.9,48.7,97.9,34.9,0,3,1
107.9,32.0,97.2,33.3,2,17,0
112.4,23.9,97.8,32.9,3,8,1
117.0,16.0,98.1,33.9,3,8,1
86.5,56.6,98.8,33.7,0,12,0
85.1,23.1,97.0,33.8,2,22,1
83.3,35.5,99.2,32.8,1,8,0
133.1,26.9,97.7,33.8,3,0,1
82.5,42.1,97.5,32.0,1,18,0
85.6,42.9,98.2,33.4,1,6,0
136.8,32.2,94.1,33.0,3,10,1
117.0,33.4,98.8,36.4,3,23,1
80.2,32.5,97.8,38.5,0,23,2
71.2,62.2,99.7,32.4,0,11,0
100.0,39.0,96.8,32.5,2,3,1
116.6,30.1,96.5,34.9,3,18,1
84.1,45.2,100.5,35.2,1,2,1
100.0,26.0,95.7,34.4,2,18,1
82.8,45.9,99.8,32.5,0,22,0
74.3,79.1,96.9,30.5,0,8,0
97.5,49.5,98.8,35.1,1,12,0
104.8,40.9,97.7,32.2,2,11,0
132.0,28.1,97.5,34.7,3,6,1
79.2,65.5,98.1,34.1,0,11,0
142.6,31.7,97.4,32.3,3,10,2
72.9,50.8,98.4,34.0,0,8,0
66.6,27.8,96.8,32.5,2,14,0
112.5,20.3,97.7,32.7,3,11,1
140.4,28.7,97.6,33.9,3,18,2
77.3,50.0,98.1,34.7,1,21,0
79.8,34.7,97.0,36.3,1,6,0
101.8,33.7,96.0,32.8,2,10,1
87.7,31.5,96.9,34.0,1,22,0
92.3,39.2,96.6,33.4,1,19,0
136.0,17.3,94.9,37.8,3,20,1
80.9,46.8,98.2,34.5,1,16,0
126.5,20.7,93.5,32.0,3,1,2
103.8,25.1,98.9,33.8,3,7,0
87.5,44.9,98.4,34.7,1,21,0
82.5,42.5,98.6,33.5,1,13,0
139.5,30.8,93.8,35.6,3,15,2
107.7,25.8,96.1,34.6,2,15,0
108.2,19.0,97.3,35.7,2,18,1
130.0,31.7,94.8,32.5,3,7,1
78.8,54.5,98.0,31.3,1,1,1
117.1,23.6,96.9,34.0,3,20,1
84.4,51.6,96.4,33.9,1,22,0
70.9,48.1,98.1,37.6,0,7,0
77.8,58.7,99.4,35.3,1,22,0
82.2,39.6,96.2,33.2,1,16,0
66.0,54.4,99.0,33.1,0,23,0
83.9,39.6,96.3,33.4,1,1,1
99.9,37.8,97.9,31.3,2,22,0
68.7,60.3,98.1,34.1,0,19,0
101.1,55.8,98.8,36.2,1,8,0
89.4,47.6,99.7,29.9,1,11,0
65.8,58.2,98.1,34.2,0,15,0
72.5,43.7,96.8,34.5,0,22,0
84.4,47.0,96.9,33.2,1,5,0
125.5,22.4,96.8,33.4,3,0,1
81.6,39.3,96.9,35.2,1,18,0
67.9,48.5,96.3,33.5,1,1,1
105.3,37.2,97.1,33.4,2,17,0
80.5,50.4,94.7,35.6,1,20,1
75.3,61.0,96.6,34.2,0,21,0
123.1,38.7,95.2,36.3,2,19,1
54.6,61.1,98.9,36.0,0,12,1
109.2,40.1,99.7,32.7,2,11,0
132.7,28.1,96.7,37.0,3,2,1
81.1,66.0,100.1,35.4,0,11,0
70.4,63.7,97.5,36.5,0,1,1
72.2,36.8,97.4,38.1,1,22,2
63.0,40.9,97.8,33.8,0,5,0
57.3,62.6,99.0,35.0,0,22,0
122.6,13.4,98.1,31.0,3,5,2
98.1,37.4,98.6,33.3,1,19,0
79.3,47.5,98.0,35.0,1,9,0
66.5,46.6,97.5,33.9,0,20,0
86.7,44.8,97.3,34.7,1,10,0
75.6,34.1,97.6,34.4,1,13,0
107.5,35.8,97.7,35.2,2,15,0
126.4,22.5,97.0,33.8,3,8,1
103.7,38.3,97.7,30.0,2,23,0
102.3,47.6,98.2,35.3,2,12,0
81.2,57.8,98.3,36.1,1,21,0
66.9,54.0,98.2,32.7,0,7,0
98.4,27.8,98.9,34.2,2,5,0
112.1,18.4,96.1,29.8,3,22,1
110.1,58.9,95.5,33.3,1,15,1
122.4,25.2,96.4,35.5,3,16,1
97.2,41.0,96.9,34.7,2,23,0
101.7,46.7,98.1,32.9,2,0,0
84.8,43.1,99.8,33.4,2,9,0
80.9,45.7,97.9,32.4,1,7,0
91.2,35.1,97.6,34.8,2,9,0
136.8,27.8,94.4,35.5,3,9,1
119.7,42.6,98.0,33.7,2,17,1
78.7,55.3,97.2,34.4,1,0,0
62.0,45.7,97.8,33.5,0,2,1
75.6,48.7,97.9,34.0,0,0,0
62.5,52.8,99.2,35.6,0,23,0
91.3,27.6,100.0,31.9,2,9,0
98.2,24.4,96.7,35.9,3,15,1
68.3,36.2,97.0,35.6,2,16,0
74.0,46.6,97.8,35.0,0,21,0
81.2,57.6,96.3,35.3,0,2,1
109.3,30.3,97.6,37.3,2,3,1
76.9,49.4,98.1,29.4,0,10,0
68.7,42.2,96.7,35.1,1,2,1
80.4,48.2,96.0,35.7,1,20,0
138.7,18.7,98.1,35.6,3,20,1
84.8,51.9,96.1,33.7,1,7,0
100.1,29.2,98.0,32.9,3,18,0
78.4,40.9,97.0,34.5,1,22,0
85.8,55.7,99.1,34.7,0,18,0
106.7,35.6,95.7,33.0,2,7,1
63.8,62.3,98.0,34.2,0,16,0
115.7,35.4,97.5,35.5,2,3,1
153.7,21.5,100.2,32.4,3,15,2
113.5,45.2,97.0,33.5,2,11,1
107.8,17.6,96.4,36.4,3,21,1
57.9,48.3,99.3,32.6,0,0,0
71.7,63.3,99.5,33.9,0,7,0
84.6,29.8,97.0,37.6,2,4,1
77.1,44.4,96.3,31.7,1,0,0
86.5,35.7,98.7,32.8,2,20,0
81.1,29.7,98.0,37.0,1,8,0
99.0,21.0,97.9,34.4,3,20,1
93.5,42.3,98.0,34.7,1,11,0
89.4,51.7,98.8,34.1,1,5,0
65.0,46.2,101.3,34.8,0,13,0
73.1,68.7,97.4,34.9,0,14,0
132.2,18.6,98.0,33.6,3,3,1
77.5,43.3,98.3,34.1,2,7,0
115.9,14.8,97.4,34.1,3,4,2
109.4,28.6,97.0,33.6,2,23,0
106.2,22.6,96.0,33.2,2,21,1
87.0,32.5,97.5,31.9,1,21,0
75.1,51.9,99.2,35.0,0,5,0
93.1,45.3,99.7,36.0,1,16,0
76.2,50.2,99.2,33.6,0,17,0
128.9,19.5,95.0,32.4,3,12,1
75.9,51.1,96.9,32.0,1,19,0
62.3,66.8,97.5,31.1,0,7,0
81.8,42.1,97.1,34.9,1,20,0
85.2,43.9,96.9,36.6,2,3,1
70.2,63.9,97.5,30.8,0,7,0
116.6,26.8,95.7,33.5,3,14,1
109.9,24.4,97.0,30.6,2,23,1
87.3,31.5,96.4,37.2,2,6,0
90.6,44.3,97.6,31.8,1,17,0
92.5,45.8,96.8,30.6,1,6,0
69.7,51.3,97.7,32.2,1,12,0
123.3,22.2,94.7,34.7,3,9,1
71.9,72.8,96.4,32.6,0,11,0
102.1,38.2,96.9,32.8,2,11,0
117.2,28.5,96.1,35.7,3,18,1
115.1,39.3,97.1,33.3,2,18,1
100.7,17.2,93.4,33.4,3,4,2
84.4,19.5,95.8,35.9,2,17,1
71.6,51.8,99.0,34.1,1,14,0
123.1,22.2,93.1,35.0,3,11,2
93.6,47.1,98.8,34.0,1,17,0
68.9,49.7,99.3,32.6,0,16,0
88.6,31.2,97.1,32.2,1,21,0
120.8,33.8,97.1,33.1,3,16,1
77.7,33.8,95.3,34.0,1,23,1
96.9,34.6,96.3,34.8,2,1,1
114.3,39.7,97.0,36.0,2,6,1
84.0,54.1,96.3,30.7,1,0,0
89.2,51.5,97.6,34.3,1,6,0
108.7,24.4,98.7,33.0,3,2,1
134.3,14.8,94.9,33.5,3,4,2
88.1,39.1,96.6,33.0,1,2,1
84.6,42.3,97.5,33.4,1,16,0
107.9,22.7,98.8,32.4,3,23,1
129.3,40.8,96.2,32.6,2,7,1
108.0,20.6,100.6,35.3,3,9,1
74.3,43.6,98.2,35.9,0,9,0
136.1,19.9,97.9,35.1,3,18,1
76.3,57.4,97.2,32.3,1,23,0
64.3,45.7,97.1,34.0,1,13,0
84.5,18.9,95.7,33.5,3,2,1
78.8,47.6,98.1,33.8,0,3,1
116.4,19.5,95.6,33.1,3,19,1
129.4,26.6,97.3,34.0,3,11,1
70.0,66.2,97.6,33.3,0,16,0
73.9,43.0,97.1,34.0,1,18,0
123.0,21.1,95.9,34.5,3,9,1
77.8,51.7,97.0,32.5,1,7,0
61.7,57.1,96.3,33.5,0,11,0
130.6,29.9,98.9,35.4,3,4,1
78.3,40.9,98.4,35.3,0,15,0
112.2,39.6,96.8,34.8,2,3,1
100.8,44.6,96.8,32.7,1,9,0
92.5,46.1,98.1,32.2,1,5,0
64.3,66.8,97.7,32.1,0,18,0
126.4,20.6,95.1,36.0,2,11,1
73.0,56.7,99.5,34.4,0,3,1
70.1,40.2,97.7,34.0,0,12,0
91.7,60.2,98.2,34.9,0,2,1
131.3,20.7,96.4,34.7,3,3,1
75.4,63.3,97.0,34.1,0,13,0
93.1,39.2,97.6,34.2,1,11,0
52.7,48.7,99.3,31.9,0,9,1
61.8,61.1,99.5,34.0,0,17,0
100.4,46.7,96.5,36.6,1,6,0
115.6,27.7,97.7,34.9,3,18,1
92.4,37.4,98.3,33.6,2,22,0
100.8,41.4,97.9,34.8,2,14,0
84.5,53.8,96.6,33.3,1,4,1
77.2,34.7,98.8,36.0,0,4,1
109.4,28.8,97.4,36.5,3,21,0
84.7,31.2,98.9,33.4,1,23,0
97.5,47.3,98.0,34.1,1,15,0
107.1,33.5,95.3,33.1,3,15,1
92.4,30.8,97.9,35.0,2,12,0
70.7,48.0,97.9,34.9,1,8,0
70.1,29.8,96.8,34.8,2,2,1
87.3,50.9,95.6,35.7,1,22,1
72.9,49.7,96.8,33.9,0,13,0
83.5,49.0,97.2,34.9,1,12,0
70.1,51.0,96.7,35.0,0,15,0
140.3,31.4,95.4,35.6,3,0,2
69.0,60.1,98.5,35.9,0,15,0
106.3,41.8,96.8,32.7,2,3,1
84.4,51.9,98.2,34.2,1,18,0
113.8,31.0,94.8,33.1,2,9,1
74.7,61.0,98.5,34.6,0,23,0
98.4,38.8,96.3,34.6,1,13,0
76.3,36.2,98.7,34.7,0,1,1
81.8,24.1,95.9,34.4,2,23,1
109.4,36.5,96.7,34.8,3,2,1
150.4,23.6,95.7,33.6,3,2,2
84.8,50.3,98.0,32.8,1,4,1
65.5,42.4,97.0,33.2,0,13,0
113.4,34.5,97.1,33.6,2,11,1
126.7,26.8,97.0,34.2,3,1,1
85.4,47.8,94.6,36.5,2,13,1
99.5,49.8,97.6,35.0,1,22,0
90.9,31.9,96.8,32.7,1,16,0
84.9,44.0,96.6,34.9,2,12,0
123.4,25.1,95.7,37.4,3,13,1
116.5,24.6,97.7,34.4,3,12,1
115.2,36.2,94.8,34.1,3,12,1
86.5,57.3,96.4,32.7,1,22,0
82.4,63.3,96.4,33.6,0,19,0
73.5,57.7,97.2,33.4,0,6,0
136.5,36.2,97.1,33.7,3,15,1
80.4,46.0,97.5,36.2,0,5,0
78.9,46.3,97.8,32.8,1,6,0
117.2,12.0,94.1,33.2,3,16,2
71.9,37.7,97.7,37.7,0,22,0
69.3,40.2,98.5,30.9,0,2,1
92.6,50.3,94.9,34.7,2,14,1
83.5,39.8,98.4,35.2,2,20,0
136.2,33.3,96.8,33.7,3,23,1
76.3,60.6,97.3,33.8,1,22,0
119.4,18.6,98.2,34.6,3,13,1
117.3,22.5,97.2,33.6,3,4,1
110.5,23.8,96.7,34.2,3,20,1
84.1,34.5,94.1,31.2,1,20,1
109.0,20.6,99.7,35.5,3,11,1
109.1,33.6,96.7,32.5,2,0,0
53.6,43.9,96.4,34.1,1,8,1
64.4,49.3,99.9,32.3,0,7,0
81.7,60.9,95.9,31.9,1,7,1
114.4,34.9,96.9,34.1,2,8,1
58.5,64.5,99.0,35.2,0,18,0
101.5,23.9,96.4,32.7,2,9,1
113.6,22.1,95.7,34.7,3,23,1
71.8,55.6,97.2,33.5,0,1,1
86.1,46.2,96.0,35.5,1,0,1
72.2,48.8,99.8,34.6,0,17,0
55.5,42.3,99.3,31.4,0,14,0
105.8,34.7,96.7,33.0,2,23,0
70.4,37.2,99.2,32.7,0,8,0
113.9,26.5,97.3,33.7,3,11,1
87.3,49.6,97.9,33.6,1,13,0
91.7,28.9,97.2,31.1,2,12,0
68.8,50.0,98.4,35.8,0,18,0
69.8,73.2,98.1,33.2,0,16,0
97.7,48.5,99.1,33.6,1,12,0
68.6,45.6,98.2,32.8,0,21,0
97.2,35.1,98.4,32.2,2,1,1
66.6,53.7,97.8,34.3,0,5,0
93.8,37.4,97.3,34.4,1,12,0
68.2,39.5,98.1,33.8,1,23,0
76.9,45.8,97.1,36.1,1,20,0
66.1,39.5,98.5,31.3,0,17,0
69.2,54.8,97.2,33.9,1,11,0
91.4,41.6,98.8,33.1,2,8,0
97.7,43.6,100.7,32.8,1,0,0
111.5,29.6,94.6,33.5,2,4,1
97.0,50.5,98.0,33.0,1,23,0
94.4,42.8,98.9,36.3,2,0,0
52.6,47.4,97.5,34.2,1,13,1
98.6,45.5,98.2,35.0,1,9,0
91.1,20.1,95.9,32.8,3,11,1
119.7,15.1,96.3,36.1,3,11,1
113.4,30.5,94.4,31.2,3,23,1
97.5,34.7,94.7,36.5,3,17,1
93.4,35.6,97.3,33.7,2,6,0
106.2,21.3,93.3,35.5,3,22,2
106.5,50.0,96.8,31.3,2,9,0
78.4,37.5,98.7,32.8,1,6,0
70.3,37.8,98.7,35.3,1,6,0
64.6,40.4,98.6,35.2,1,5,0
80.3,39.4,98.2,31.9,1,13,0
57.5,62.3,97.6,35.2,0,9,0
78.2,41.4,96.3,34.4,1,12,0
73.6,55.2,96.9,31.2,0,0,0
121.7,33.6,98.2,34.3,3,23,1
73.2,48.1,96.2,33.2,0,18,0
89.9,40.9,96.1,33.8,2,16,0
101.7,44.4,97.5,35.9,2,2,1
85.9,29.6,97.3,36.5,1,22,0
92.3,39.5,97.1,32.9,2,14,0
131.6,30.6,97.0,35.3,3,23,1
101.8,27.8,96.2,31.1,2,6,0
89.1,53.8,99.7,34.5,0,7,0
109.4,37.6,94.7,31.7,2,17,1
91.3,36.0,98.0,35.2,2,14,0
86.3,40.3,95.7,32.8,1,18,1
76.0,66.6,97.7,32.7,1,19,0
72.3,56.9,98.6,33.8,0,22,0
63.4,50.1,96.0,32.0,0,22,1
92.8,36.5,98.8,32.7,2,0,0
92.0,29.7,96.6,35.1,3,8,0
91.1,69.9,96.4,32.6,0,1,1
80.2,51.5,98.2,33.6,1,13,0
101.8,33.8,97.1,34.0,2,8,0
99.0,65.3,97.0,33.7,1,5,0
95.5,37.2,97.7,35.9,2,2,1
91.1,41.7,97.9,36.7,1,19,0
119.1,19.7,95.7,33.1,3,0,1
74.4,52.7,98.5,33.9,0,21,0
112.8,26.3,96.6,34.7,2,8,1
80.4,59.1,96.7,33.3,0,19,0
119.9,29.5,95.9,34.1,3,6,1
95.8,37.0,97.5,33.0,1,23,0
71.2,58.6,98.6,32.3,1,19,0
126.4,26.1,97.9,35.2,3,10,1
66.1,28.5,98.2,31.5,0,21,0
81.9,60.6,97.8,34.0,1,1,1
104.0,37.2,94.6,35.7,2,19,1
140.3,10.8,99.6,31.4,3,9,2
68.8,65.1,96.9,34.4,0,15,0
93.2,36.9,96.9,33.1,1,19,0
103.4,41.6,96.3,32.7,2,8,0
88.7,32.3,95.4,33.2,2,12,1
91.4,40.4,97.3,33.9,1,4,1
108.0,50.5,96.1,34.5,2,14,0
103.2,34.1,97.9,32.3,2,0,0
95.1,45.2,96.6,36.4,1,7,0
73.7,44.0,99.0,33.4,0,22,0
105.0,37.4,98.8,33.9,2,19,0
70.2,33.7,96.4,34.2,2,7,0
153.2,16.9,96.0,34.0,3,21,2
96.4,61.7,96.5,34.6,1,20,0
63.8,67.1,97.9,34.1,0,20,0
62.1,62.4,98.5,35.8,0,0,0
67.9,33.1,97.3,37.6,0,21,0
59.0,51.9,99.0,32.7,0,12,0
132.8,25.0,98.1,35.4,3,9,1
75.7,55.3,96.9,35.7,1,4,1
117.6,23.9,95.0,31.4,3,6,1
115.1,26.3,98.0,33.3,3,15,1
96.9,31.5,98.5,33.1,2,1,1
139.0,29.3,97.5,36.5,3,2,1
88.5,39.5,96.7,29.8,2,17,0
100.7,48.5,97.1,35.8,2,13,0
96.2,28.9,97.1,31.5,2,13,0
77.5,56.8,97.6,37.2,0,1,1
136.4,24.5,95.5,33.4,3,19,1
133.9,26.3,93.0,34.0,3,4,2
92.0,41.2,99.1,34.7,2,3,1
74.8,44.4,95.8,33.8,2,23,1
80.3,52.3,97.4,33.1,0,13,0
111.0,23.9,98.4,36.7,3,11,1
82.3,49.5,99.4,30.8,1,5,0
83.2,50.0,97.3,32.9,1,15,0
149.0,25.8,96.4,33.7,3,1,2
80.2,39.2,97.6,33.5,0,18,0
126.9,37.1,96.5,36.2,3,3,1
73.5,44.9,97.7,32.1,0,7,0
89.7,53.9,99.0,32.5,0,17,0
106.6,31.7,99.0,31.4,2,18,0
114.9,30.8,97.5,33.0,3,6,1
100.2,54.2,96.4,32.2,1,16,0
81.0,46.3,96.8,35.1,1,10,0
96.6,42.4,97.6,36.7,2,3,1
87.5,29.2,95.3,33.7,1,17,1
87.6,41.1,97.2,32.5,1,10,0
95.8,40.1,95.8,35.3,2,8,1
67.4,63.6,97.0,33.0,0,3,1
113.8,43.9,98.3,34.5,2,3,1
67.3,64.0,98.2,34.7,0,18,0
115.3,52.3,97.3,32.4,2,10,1
97.6,32.8,96.7,35.4,2,6,0
85.7,54.1,97.6,33.9,1,12,0
93.5,36.5,96.9,35.8,2,0,0
84.0,60.0,96.7,33.8,1,12,0
131.6,16.7,95.4,34.1,3,5,1
96.2,38.6,94.7,33.4,2,4,1
65.2,60.0,98.8,35.2,0,0,0
78.7,38.2,99.0,35.2,0,16,0
124.2,26.9,96.3,33.4,3,5,1
67.8,46.9,97.3,35.1,1,1,1
101.4,47.6,97.3,32.2,1,23,0
61.7,34.5,99.6,33.7,0,18,0
131.2,31.4,97.8,35.4,3,13,1
86.9,33.3,97.6,34.8,1,4,1
87.5,44.4,96.7,31.4,1,10,0
66.8,46.3,95.5,33.6,2,23,1
129.9,24.1,96.3,34.7,3,20,1
140.4,33.0,96.5,35.4,3,0,2
89.0,49.8,96.5,30.8,1,23,0
114.5,37.2,97.9,33.4,3,6,1
70.5,52.2,96.8,31.3,0,15,0
125.3,24.1,97.3,32.5,3,16,1
107.8,18.1,97.2,35.0,3,7,1
77.8,45.4,97.4,31.8,1,14,0
71.5,55.9,98.4,34.2,0,19,0
72.5,55.7,97.7,34.1,0,18,0
121.2,41.0,95.5,35.4,2,8,1
74.2,47.7,98.0,32.1,1,0,0
131.0,21.9,96.3,30.9,3,14,1
79.5,34.2,98.9,34.9,1,13,0
70.4,55.7,97.0,33.5,0,19,0
81.6,46.0,97.0,35.0,1,16,0
108.3,36.1,95.4,33.9,3,17,1
87.1,46.1,95.9,31.3,1,12,1
140.9,23.3,95.2,34.4,3,12,2
99.5,31.6,99.7,31.1,2,2,1
89.6,42.3,97.2,32.2,1,12,0
71.1,54.5,96.7,32.1,0,5,0
71.3,63.9,99.1,33.3,0,7,0
53.9,60.7,98.6,31.8,0,11,1
113.2,25.1,97.1,35.5,2,12,1
92.3,54.4,98.1,33.4,1,22,0
114.5,37.8,96.0,35.3,2,18,1
82.8,47.3,97.3,34.7,1,14,0
130.5,34.9,97.3,31.2,3,10,1
74.1,44.0,96.4,35.0,1,3,1
87.2,33.9,97.9,32.9,1,20,0
100.3,28.1,97.8,33.9,2,7,0
74.0,68.5,95.9,33.0,0,16,1
141.2,36.1,96.3,34.5,3,22,2
91.0,38.6,94.8,35.0,2,17,1
103.9,36.3,97.0,35.8,2,15,0
119.5,33.6,96.3,32.5,3,8,1
82.4,61.7,99.7,32.4,0,22,0
98.1,34.6,97.7,32.9,2,2,1
101.4,29.1,96.3,33.4,2,7,0
78.1,46.0,96.4,33.7,1,19,0
71.6,53.4,98.7,34.6,0,1,1
75.3,32.8,96.2,32.4,1,3,1
84.8,45.8,98.7,36.4,1,21,0
110.0,29.5,95.7,35.8,2,12,1
117.7,18.1,96.2,35.5,3,3,1
84.7,37.6,97.2,38.0,2,19,2
82.9,37.2,95.8,32.9,1,6,1
80.8,48.5,99.9,34.4,0,9,0
70.4,61.9,97.6,35.6,0,0,0
58.9,53.9,98.2,34.1,0,17,0
70.3,68.5,98.8,34.0,0,19,0
78.1,52.7,96.0,34.4,1,2,1
80.2,54.4,97.8,35.3,0,2,1
97.4,36.7,96.7,34.1,2,4,1
93.8,20.9,96.2,33.8,3,8,1
118.5,25.2,97.1,32.8,3,15,1
102.5,40.4,97.9,32.2,1,6,0
133.8,21.9,94.1,36.2,3,13,1
60.4,57.7,96.3,32.4,0,9,0
83.9,57.8,97.4,34.5,1,17,0
71.9,69.5,97.3,34.1,0,0,0
92.0,42.2,96.3,35.9,1,21,0
80.4,37.3,97.2,33.8,1,1,1
81.6,53.2,98.2,36.1,1,6,0
105.2,29.8,97.5,35.3,2,12,0
143.0,27.5,99.3,34.8,3,11,2
82.2,37.3,100.1,34.3,1,23,0
99.0,44.6,94.4,31.9,2,15,1
70.6,61.6,98.8,34.9,0,13,0
138.3,37.1,96.9,34.4,3,7,1
115.9,31.7,97.4,33.4,3,21,1
78.9,51.4,97.5,33.7,1,14,0
90.1,41.6,96.0,33.8,2,6,1
112.3,27.5,97.5,34.3,3,19,1
84.6,45.3,97.9,33.6,1,4,1
80.4,35.5,98.0,33.4,2,23,0
134.1,24.6,94.6,32.5,3,19,1
121.1,33.6,96.0,33.4,3,22,1
78.8,51.2,99.3,33.2,0,4,1
109.7,33.4,96.1,33.0,2,2,1
78.3,53.5,97.7,32.3,1,3,1
87.9,23.8,97.6,33.8,3,9,1
129.3,27.1,95.0,31.7,3,11,1
67.2,78.3,98.2,33.9,0,21,0
145.0,22.1,95.8,33.6,3,6,2
82.7,44.6,97.0,35.7,1,13,0
72.0,63.9,96.5,32.6,0,11,0
107.5,39.6,98.2,31.2,2,19,0
62.8,50.9,98.3,33.7,0,17,0
78.0,36.7,98.2,37.4,1,1,1
85.2,32.2,96.8,33.9,1,8,0
120.1,32.3,96.3,32.8,2,23,1
69.7,64.8,97.5,34.5,1,22,0
86.9,24.2,96.2,34.2,2,0,1
108.9,56.5,96.0,32.9,1,22,0
74.3,51.7,96.8,33.5,1,2,1
146.4,36.0,94.6,33.4,3,9,2
72.5,49.2,97.3,32.5,0,20,0
102.9,41.5,99.0,35.9,1,23,0
61.9,43.2,96.2,33.1,0,18,0
113.6,27.4,95.8,33.5,3,3,1
126.5,28.9,95.8,32.0,3,0,1
126.4,27.4,96.5,35.3,3,12,1
101.9,28.2,96.5,31.7,2,15,0
90.9,30.0,97.2,32.4,2,21,0
109.4,18.9,95.7,34.4,3,11,1
76.6,67.4,97.6,31.8,0,16,0
79.6,63.8,96.7,37.3,0,14,0
86.7,34.5,95.6,33.4,2,7,1
108.6,37.1,98.1,37.8,2,23,0
135.5,20.2,99.1,31.0,3,22,1
78.4,35.7,97.9,36.2,1,15,0
108.2,36.6,97.4,34.8,3,4,1
106.1,33.7,98.7,33.7,2,9,0
85.7,51.6,97.7,32.7,1,0,0
85.3,43.7,97.8,35.1,1,15,0
93.1,41.8,97.5,36.3,2,12,0
87.6,27.9,97.5,35.1,3,0,0
68.5,73.6,98.2,34.0,0,3,1
120.7,24.0,94.0,32.5,3,7,1
115.2,33.0,98.0,34.6,3,8,1
119.8,23.8,99.5,32.8,3,20,1
88.2,24.9,95.9,33.7,3,3,1
91.3,37.6,96.0,36.6,2,6,0
109.3,40.0,93.8,32.8,2,13,2
126.6,29.3,96.9,35.3,3,17,1
96.9,27.4,97.8,35.7,3,20,0
67.2,71.7,98.9,33.4,0,22,0
145.3,25.7,97.3,35.4,3,12,2
98.2,40.3,99.4,34.2,1,9,0
82.7,48.4,96.9,32.8,1,19,0
112.4,31.0,97.1,31.4,3,20,1
86.1,43.0,97.8,34.4,1,4,1
85.2,50.0,97.0,35.3,1,3,1
76.3,49.2,98.0,32.8,2,16,0
75.1,32.5,96.4,34.6,1,11,0
93.3,44.2,95.7,33.6,1,22,1
122.5,19.5,94.4,31.1,3,22,1
78.7,57.7,98.4,34.7,1,1,1
66.7,54.2,97.2,34.1,0,21,0
118.1,23.8,96.7,36.3,3,8,1
100.7,41.4,96.6,34.3,2,0,0
79.7,50.0,97.1,34.9,1,8,0
126.1,23.6,96.1,34.9,3,17,1
109.7,24.4,97.1,36.4,3,10,1
85.2,29.3,98.7,32.9,1,14,0
71.0,65.4,98.6,33.3,0,22,0
90.4,35.8,98.9,33.7,1,13,0
117.7,39.9,96.5,33.6,2,7,1
94.4,45.4,97.6,36.7,1,13,0
83.3,31.6,97.1,33.5,2,21,0
67.1,52.2,97.1,36.5,0,23,0
87.4,45.6,97.4,32.9,1,6,0
109.9,34.7,98.1,35.9,2,7,0
69.0,55.4,99.3,37.2,0,17,0
117.0,22.6,98.0,37.0,3,9,1
56.3,58.7,97.4,33.4,0,22,0
85.7,38.1,97.2,33.8,2,3,1
74.9,58.8,96.9,35.4,1,1,1
116.9,31.9,97.4,34.5,3,17,1
79.9,47.5,99.2,33.6,0,19,0
93.9,40.6,97.1,32.6,1,17,0
105.0,24.9,95.4,34.5,2,1,1
75.6,37.4,98.7,32.9,1,9,0
73.8,56.0,97.0,34.8,0,0,0
97.6,35.4,96.5,31.7,2,20,0
104.9,29.1,95.1,35.1,2,14,1
83.2,39.3,97.1,32.4,1,0,0
81.6,36.9,98.4,31.6,2,15,0
88.3,57.7,96.1,31.9,1,23,0
115.0,43.0,97.1,33.3,2,22,1
67.5,49.5,98.1,35.5,0,4,1
78.8,59.8,97.4,32.9,0,21,0
76.5,54.6,98.0,34.8,0,12,0
75.9,64.3,98.7,31.9,0,18,0
99.7,43.0,97.6,36.9,2,5,0
83.7,34.8,97.2,32.9,1,16,0
74.4,19.6,97.8,33.3,2,8,1
110.5,21.8,95.8,33.7,3,10,1
144.1,33.5,98.9,34.3,3,3,2
76.7,48.1,97.5,35.6,1,0,0
107.8,43.4,96.3,32.1,2,0,0
131.0,14.1,96.4,34.1,3,11,2
81.6,50.1,98.2,33.6,0,11,0
69.1,51.2,97.1,34.4,0,21,0
75.0,54.8,99.0,33.0,1,23,0
61.8,70.9,98.3,34.0,0,3,1
95.0,21.1,97.6,35.1,3,21,1
84.7,43.3,97.7,34.0,1,9,0
89.8,42.6,100.0,33.7,1,18,0
128.4,24.1,93.9,35.5,3,5,2
90.3,22.4,97.1,34.2,2,13,1
78.3,27.3,97.5,33.8,1,9,0
68.8,52.2,99.7,35.0,0,20,0
70.8,55.2,97.2,33.6,0,23,0
88.3,39.4,96.9,34.2,2,22,0
102.3,31.1,96.8,34.3,2,9,0
70.4,46.5,98.1,35.0,1,8,0
142.8,23.8,98.3,31.8,3,8,2
102.2,24.9,96.0,35.9,3,7,1
98.5,31.1,95.3,32.7,2,15,1
71.8,73.2,97.7,35.0,0,9,0
38.6,57.8,96.6,33.7,0,0,2
74.5,54.4,98.9,32.3,0,10,0
76.7,58.7,97.5,35.6,0,14,0
